#options: 1920x1080 fps=25/1 timebase=1/25 bitdepth=8 cabac=1 ref=1 deblock=1:0:0 analyse=0x1:0 me=dia subme=2 psy=1 psy_rd=1.00:0.00 mixed_ref=0 me_range=16 chroma_me=1 trellis=0 8x8dct=0 cqm=0 deadzone=21,11 fast_pskip=1 chroma_qp_offset=0 threads=15 lookahead_threads=5 sliced_threads=0 nr=0 decimate=1 interlaced=0 bluray_compat=0 constrained_intra=0 bframes=3 b_pyramid=2 b_adapt=1 b_bias=0 direct=1 weightb=1 open_gop=0 weightp=2 keyint=250 keyint_min=25 scenecut=40 intra_refresh=0 rc_lookahead=40 rc=crf mbtree=1 crf=30.0 qcomp=0.60 qpmin=0 qpmax=69 qpstep=4 ip_ratio=1.40 aq=1:1.00
in:0 out:0 type:I dur:2 cpbdur:2 q:35.40 aq:25.00 tex:206823 mv:85218 misc:6175 imb:8160 pmb:0 smb:0 d:- ref:;
in:4 out:1 type:P dur:2 cpbdur:2 q:35.40 aq:27.21 tex:16952 mv:11819 misc:4229 imb:303 pmb:1209 smb:6648 d:- ref:0 ;
in:2 out:2 type:B dur:2 cpbdur:2 q:35.40 aq:26.10 tex:1874 mv:3736 misc:2174 imb:17 pmb:414 smb:7729 d:- ref:0 ;
in:1 out:3 type:b dur:2 cpbdur:2 q:35.40 aq:24.59 tex:550 mv:752 misc:826 imb:3 pmb:99 smb:8058 d:- ref:0 ;
in:3 out:4 type:b dur:2 cpbdur:2 q:35.40 aq:23.25 tex:411 mv:1217 misc:1012 imb:4 pmb:130 smb:8026 d:- ref:0 ;
in:6 out:5 type:P dur:2 cpbdur:2 q:35.40 aq:31.24 tex:12808 mv:11430 misc:4298 imb:331 pmb:1080 smb:6749 d:- ref:0 ;
in:5 out:6 type:b dur:2 cpbdur:2 q:35.40 aq:24.38 tex:533 mv:2576 misc:1579 imb:16 pmb:322 smb:7822 d:- ref:0 ;
in:7 out:7 type:P dur:2 cpbdur:2 q:35.40 aq:28.11 tex:14648 mv:12151 misc:4505 imb:591 pmb:987 smb:6582 d:- ref:0 ;
in:8 out:8 type:P dur:2 cpbdur:2 q:35.40 aq:28.46 tex:18374 mv:11033 misc:3641 imb:748 pmb:824 smb:6588 d:- ref:0 ;
in:9 out:9 type:P dur:2 cpbdur:2 q:35.40 aq:29.01 tex:30519 mv:14699 misc:4022 imb:1125 pmb:1010 smb:6025 d:- ref:0 ;
in:10 out:10 type:P dur:2 cpbdur:2 q:35.40 aq:28.56 tex:32146 mv:15713 misc:4149 imb:1414 pmb:1030 smb:5716 d:- ref:0 ;
in:11 out:11 type:P dur:2 cpbdur:2 q:35.40 aq:28.51 tex:56273 mv:16583 misc:4176 imb:1464 pmb:1063 smb:5633 d:- ref:0 ;
in:12 out:12 type:P dur:2 cpbdur:2 q:35.40 aq:27.10 tex:40019 mv:17581 misc:4544 imb:1237 pmb:1237 smb:5686 d:- ref:0 ;
in:13 out:13 type:P dur:2 cpbdur:2 q:35.40 aq:26.44 tex:35110 mv:16249 misc:4609 imb:1179 pmb:1152 smb:5829 d:- ref:0 ;
in:14 out:14 type:P dur:2 cpbdur:2 q:35.40 aq:27.58 tex:120142 mv:19975 misc:5027 imb:1522 pmb:1242 smb:5396 d:- ref:0 ;
in:16 out:15 type:P dur:2 cpbdur:2 q:35.40 aq:27.55 tex:67761 mv:22994 misc:5133 imb:1399 pmb:1570 smb:5191 d:- ref:0 ;
in:15 out:16 type:b dur:2 cpbdur:2 q:35.40 aq:30.04 tex:9341 mv:7793 misc:2818 imb:171 pmb:828 smb:7161 d:- ref:0 ;
in:18 out:17 type:P dur:2 cpbdur:2 q:35.40 aq:27.46 tex:68510 mv:23196 misc:5422 imb:1267 pmb:1712 smb:5181 d:- ref:0 ;
in:17 out:18 type:b dur:2 cpbdur:2 q:35.40 aq:29.37 tex:7295 mv:6770 misc:2847 imb:123 pmb:772 smb:7265 d:- ref:0 ;
in:20 out:19 type:P dur:2 cpbdur:2 q:35.40 aq:27.58 tex:55313 mv:22924 misc:5675 imb:997 pmb:1864 smb:5299 d:- ref:0 ;
in:19 out:20 type:b dur:2 cpbdur:2 q:35.40 aq:32.44 tex:3811 mv:5893 misc:2416 imb:86 pmb:639 smb:7435 d:- ref:0 ;
in:22 out:21 type:P dur:2 cpbdur:2 q:35.40 aq:27.65 tex:38945 mv:19997 misc:5738 imb:756 pmb:1792 smb:5612 d:- ref:0 ;
in:21 out:22 type:b dur:2 cpbdur:2 q:35.40 aq:30.91 tex:3549 mv:5529 misc:2298 imb:69 pmb:607 smb:7484 d:- ref:0 ;
in:24 out:23 type:P dur:2 cpbdur:2 q:35.40 aq:27.75 tex:37224 mv:20056 misc:5608 imb:799 pmb:1773 smb:5588 d:- ref:0 ;
in:23 out:24 type:b dur:2 cpbdur:2 q:35.40 aq:32.69 tex:2137 mv:5190 misc:2049 imb:62 pmb:549 smb:7549 d:- ref:0 ;
in:27 out:25 type:P dur:2 cpbdur:2 q:35.40 aq:27.33 tex:45194 mv:22877 misc:5617 imb:1033 pmb:1868 smb:5259 d:- ref:0 ;
in:25 out:26 type:B dur:2 cpbdur:2 q:35.40 aq:28.34 tex:3680 mv:7211 misc:2661 imb:89 pmb:659 smb:7412 d:- ref:0 ;
in:26 out:27 type:b dur:2 cpbdur:2 q:35.40 aq:30.97 tex:996 mv:3966 misc:1926 imb:38 pmb:425 smb:7697 d:- ref:0 ;
in:29 out:28 type:P dur:2 cpbdur:2 q:35.40 aq:28.79 tex:20117 mv:14963 misc:5560 imb:617 pmb:1490 smb:6053 d:- ref:0 ;
in:28 out:29 type:b dur:2 cpbdur:2 q:35.40 aq:33.39 tex:1177 mv:4251 misc:1900 imb:53 pmb:439 smb:7668 d:- ref:0 ;
in:31 out:30 type:P dur:2 cpbdur:2 q:35.40 aq:27.62 tex:28119 mv:18914 misc:5591 imb:865 pmb:1614 smb:5681 d:- ref:0 ;
in:30 out:31 type:b dur:2 cpbdur:2 q:35.40 aq:31.39 tex:3486 mv:5965 misc:2309 imb:126 pmb:590 smb:7444 d:- ref:0 ;
in:33 out:32 type:P dur:2 cpbdur:2 q:35.40 aq:27.15 tex:26846 mv:17844 misc:5430 imb:926 pmb:1440 smb:5794 d:- ref:0 ;
in:32 out:33 type:b dur:2 cpbdur:2 q:35.40 aq:30.76 tex:2362 mv:5366 misc:2192 imb:131 pmb:549 smb:7480 d:- ref:0 ;
in:35 out:34 type:P dur:2 cpbdur:2 q:35.40 aq:28.22 tex:25988 mv:16909 misc:5407 imb:957 pmb:1329 smb:5874 d:- ref:0 ;
in:34 out:35 type:b dur:2 cpbdur:2 q:35.40 aq:30.79 tex:4156 mv:6252 misc:2696 imb:104 pmb:787 smb:7269 d:- ref:0 ;
in:36 out:36 type:P dur:2 cpbdur:2 q:35.40 aq:28.26 tex:23654 mv:13420 misc:4958 imb:888 pmb:988 smb:6284 d:- ref:0 ;
in:37 out:37 type:P dur:2 cpbdur:2 q:35.40 aq:28.06 tex:24475 mv:14005 misc:4584 imb:933 pmb:974 smb:6253 d:- ref:0 ;
in:38 out:38 type:P dur:2 cpbdur:2 q:35.40 aq:28.19 tex:31578 mv:14980 misc:4898 imb:1068 pmb:1036 smb:6056 d:- ref:0 ;
in:39 out:39 type:P dur:2 cpbdur:2 q:35.40 aq:28.66 tex:35452 mv:15777 misc:4715 imb:1102 pmb:1075 smb:5983 d:- ref:0 ;
in:40 out:40 type:P dur:2 cpbdur:2 q:35.40 aq:28.61 tex:42757 mv:18087 misc:4836 imb:1340 pmb:1134 smb:5686 d:- ref:0 ;
in:41 out:41 type:P dur:2 cpbdur:2 q:35.40 aq:28.21 tex:41318 mv:18554 misc:4760 imb:1442 pmb:1089 smb:5629 d:- ref:0 ;
in:42 out:42 type:P dur:2 cpbdur:2 q:35.40 aq:28.44 tex:43720 mv:19952 misc:5000 imb:1555 pmb:1136 smb:5469 d:- ref:0 ;
in:43 out:43 type:P dur:2 cpbdur:2 q:35.40 aq:30.42 tex:54223 mv:23027 misc:5374 imb:1770 pmb:1332 smb:5058 d:- ref:0 ;
in:44 out:44 type:P dur:2 cpbdur:2 q:35.40 aq:29.40 tex:43953 mv:22233 misc:5638 imb:1700 pmb:1303 smb:5157 d:- ref:0 ;
in:45 out:45 type:P dur:2 cpbdur:2 q:35.40 aq:28.26 tex:47270 mv:23444 misc:5710 imb:1860 pmb:1352 smb:4948 d:- ref:0 ;
in:49 out:46 type:P dur:2 cpbdur:2 q:35.40 aq:27.89 tex:83745 mv:35857 misc:4518 imb:3945 pmb:1387 smb:2828 d:- ref:0 ;
in:47 out:47 type:B dur:2 cpbdur:2 q:35.40 aq:27.45 tex:19132 mv:28682 misc:6322 imb:1312 pmb:1616 smb:5232 d:- ref:0 ;
in:46 out:48 type:b dur:2 cpbdur:2 q:35.40 aq:27.92 tex:11062 mv:19878 misc:5604 imb:709 pmb:1365 smb:6086 d:- ref:0 ;
in:48 out:49 type:b dur:2 cpbdur:2 q:35.40 aq:28.93 tex:6733 mv:13545 misc:4738 imb:453 pmb:1021 smb:6686 d:- ref:0 ;
in:52 out:50 type:P dur:2 cpbdur:2 q:35.40 aq:26.68 tex:55089 mv:31507 misc:6148 imb:2899 pmb:1562 smb:3699 d:- ref:0 ;
in:50 out:51 type:B dur:2 cpbdur:2 q:35.40 aq:26.98 tex:7175 mv:15650 misc:5255 imb:466 pmb:1207 smb:6487 d:- ref:0 ;
in:51 out:52 type:b dur:2 cpbdur:2 q:35.40 aq:26.76 tex:2877 mv:9112 misc:3963 imb:155 pmb:879 smb:7126 d:- ref:0 ;
in:54 out:53 type:P dur:2 cpbdur:2 q:35.40 aq:27.12 tex:43056 mv:25370 misc:5830 imb:1861 pmb:1452 smb:4847 d:- ref:0 ;
in:53 out:54 type:b dur:2 cpbdur:2 q:35.40 aq:27.58 tex:3490 mv:9134 misc:3488 imb:188 pmb:741 smb:7231 d:- ref:0 ;
in:56 out:55 type:P dur:2 cpbdur:2 q:35.40 aq:27.21 tex:49537 mv:28242 misc:5837 imb:2848 pmb:1300 smb:4012 d:- ref:0 ;
in:55 out:56 type:b dur:2 cpbdur:2 q:35.40 aq:26.43 tex:7687 mv:17143 misc:4770 imb:629 pmb:1043 smb:6488 d:- ref:0 ;
in:60 out:57 type:P dur:2 cpbdur:2 q:35.40 aq:26.40 tex:72619 mv:36952 misc:5093 imb:3950 pmb:1395 smb:2815 d:- ref:0 ;
in:58 out:58 type:B dur:2 cpbdur:2 q:35.40 aq:26.27 tex:17589 mv:23985 misc:6258 imb:860 pmb:1572 smb:5728 d:- ref:0 ;
in:57 out:59 type:b dur:2 cpbdur:2 q:35.40 aq:26.58 tex:9940 mv:18573 misc:5063 imb:773 pmb:1057 smb:6330 d:- ref:0 ;
in:59 out:60 type:b dur:2 cpbdur:2 q:35.40 aq:28.25 tex:6511 mv:11811 misc:4022 imb:220 pmb:976 smb:6964 d:- ref:0 ;
in:62 out:61 type:P dur:2 cpbdur:2 q:35.40 aq:27.31 tex:32307 mv:19880 misc:5765 imb:1097 pmb:1311 smb:5752 d:- ref:0 ;
in:61 out:62 type:b dur:2 cpbdur:2 q:35.40 aq:27.80 tex:2973 mv:6787 misc:3272 imb:67 pmb:791 smb:7302 d:- ref:0 ;
in:64 out:63 type:P dur:2 cpbdur:2 q:35.40 aq:27.00 tex:49938 mv:30124 misc:5922 imb:2903 pmb:1345 smb:3912 d:- ref:0 ;
in:63 out:64 type:b dur:2 cpbdur:2 q:35.40 aq:25.80 tex:7317 mv:14290 misc:4673 imb:406 pmb:1029 smb:6725 d:- ref:0 ;
in:66 out:65 type:P dur:2 cpbdur:2 q:35.40 aq:27.06 tex:47803 mv:30739 misc:5714 imb:3208 pmb:1293 smb:3659 d:- ref:0 ;
in:65 out:66 type:b dur:2 cpbdur:2 q:35.40 aq:27.13 tex:9457 mv:18664 misc:4799 imb:679 pmb:1160 smb:6321 d:- ref:0 ;
in:68 out:67 type:P dur:2 cpbdur:2 q:35.40 aq:27.47 tex:56595 mv:31438 misc:5383 imb:3284 pmb:1306 smb:3570 d:- ref:0 ;
in:67 out:68 type:b dur:2 cpbdur:2 q:35.40 aq:26.62 tex:12186 mv:20770 misc:5060 imb:808 pmb:1248 smb:6104 d:- ref:0 ;
in:70 out:69 type:P dur:2 cpbdur:2 q:35.40 aq:27.29 tex:46878 mv:30204 misc:5414 imb:2795 pmb:1406 smb:3959 d:- ref:0 ;
in:69 out:70 type:b dur:2 cpbdur:2 q:35.40 aq:26.67 tex:7018 mv:12671 misc:4399 imb:231 pmb:1091 smb:6838 d:- ref:0 ;
in:74 out:71 type:P dur:2 cpbdur:2 q:35.40 aq:28.25 tex:49783 mv:27258 misc:4791 imb:2574 pmb:1246 smb:4340 d:- ref:0 ;
in:72 out:72 type:B dur:2 cpbdur:2 q:35.40 aq:28.03 tex:13534 mv:19724 misc:5622 imb:405 pmb:1638 smb:6117 d:- ref:0 ;
in:71 out:73 type:b dur:2 cpbdur:2 q:35.40 aq:26.38 tex:6599 mv:11973 misc:3900 imb:200 pmb:983 smb:6977 d:- ref:0 ;
in:73 out:74 type:b dur:2 cpbdur:2 q:35.40 aq:27.42 tex:4208 mv:8490 misc:3518 imb:115 pmb:793 smb:7252 d:- ref:0 ;
in:75 out:75 type:P dur:2 cpbdur:2 q:35.40 aq:27.54 tex:14572 mv:11551 misc:4981 imb:643 pmb:885 smb:6632 d:- ref:0 ;
in:76 out:76 type:I dur:2 cpbdur:2 q:32.49 aq:23.63 tex:604571 mv:147675 misc:634 imb:8160 pmb:0 smb:0 d:- ref:;
in:80 out:77 type:P dur:2 cpbdur:2 q:35.40 aq:26.96 tex:21468 mv:12802 misc:5210 imb:173 pmb:1547 smb:6440 d:- ref:0 ;
in:78 out:78 type:B dur:2 cpbdur:2 q:35.40 aq:32.10 tex:1685 mv:5407 misc:2588 imb:10 pmb:612 smb:7538 d:- ref:0 ;
in:77 out:79 type:b dur:2 cpbdur:2 q:35.40 aq:29.34 tex:2018 mv:5067 misc:2635 imb:31 pmb:587 smb:7542 d:- ref:0 ;
in:79 out:80 type:b dur:2 cpbdur:2 q:35.40 aq:30.04 tex:216 mv:493 misc:723 imb:4 pmb:56 smb:8100 d:- ref:0 ;
in:84 out:81 type:P dur:2 cpbdur:2 q:35.40 aq:27.37 tex:34007 mv:15249 misc:5768 imb:214 pmb:1900 smb:6046 d:- ref:0 ;
in:82 out:82 type:B dur:2 cpbdur:2 q:35.40 aq:28.72 tex:1376 mv:4912 misc:2584 imb:14 pmb:606 smb:7540 d:- ref:0 ;
in:81 out:83 type:b dur:2 cpbdur:2 q:35.40 aq:36.79 tex:517 mv:2437 misc:1630 imb:10 pmb:317 smb:7833 d:- ref:0 ;
in:83 out:84 type:b dur:2 cpbdur:2 q:35.40 aq:28.76 tex:275 mv:164 misc:545 imb:3 pmb:21 smb:8136 d:- ref:0 ;
in:88 out:85 type:P dur:2 cpbdur:2 q:35.40 aq:27.57 tex:64544 mv:15155 misc:5477 imb:258 pmb:1888 smb:6014 d:- ref:0 ;
in:86 out:86 type:B dur:2 cpbdur:2 q:35.40 aq:30.36 tex:1499 mv:4677 misc:2312 imb:17 pmb:526 smb:7617 d:- ref:0 ;
in:85 out:87 type:b dur:2 cpbdur:2 q:35.40 aq:27.32 tex:251 mv:258 misc:699 imb:1 pmb:92 smb:8067 d:- ref:0 ;
in:87 out:88 type:b dur:2 cpbdur:2 q:35.40 aq:26.42 tex:428 mv:2783 misc:1925 imb:17 pmb:406 smb:7737 d:- ref:0 ;
in:92 out:89 type:P dur:2 cpbdur:2 q:35.40 aq:27.59 tex:34989 mv:16151 misc:5748 imb:275 pmb:1957 smb:5928 d:- ref:0 ;
in:90 out:90 type:B dur:2 cpbdur:2 q:35.40 aq:30.58 tex:1319 mv:5582 misc:2691 imb:15 pmb:627 smb:7518 d:- ref:0 ;
in:89 out:91 type:b dur:2 cpbdur:2 q:35.40 aq:26.89 tex:525 mv:2217 misc:1794 imb:11 pmb:338 smb:7811 d:- ref:0 ;
in:91 out:92 type:b dur:2 cpbdur:2 q:35.40 aq:33.46 tex:441 mv:581 misc:826 imb:2 pmb:78 smb:8080 d:- ref:0 ;
in:96 out:93 type:P dur:2 cpbdur:2 q:35.40 aq:29.21 tex:26995 mv:13002 misc:5219 imb:178 pmb:1679 smb:6303 d:- ref:0 ;
in:94 out:94 type:B dur:2 cpbdur:2 q:35.40 aq:32.59 tex:1168 mv:1465 misc:887 imb:11 pmb:112 smb:8037 d:- ref:0 ;
in:93 out:95 type:b dur:2 cpbdur:2 q:35.40 aq:26.86 tex:244 mv:379 misc:537 imb:2 pmb:33 smb:8125 d:- ref:0 ;
in:95 out:96 type:b dur:2 cpbdur:2 q:35.40 aq:30.86 tex:503 mv:603 misc:630 imb:4 pmb:57 smb:8099 d:- ref:0 ;
in:100 out:97 type:P dur:2 cpbdur:2 q:35.40 aq:27.74 tex:48947 mv:19334 misc:6135 imb:580 pmb:1936 smb:5644 d:- ref:0 ;
in:98 out:98 type:B dur:2 cpbdur:2 q:35.40 aq:33.70 tex:3972 mv:3210 misc:1426 imb:19 pmb:285 smb:7856 d:- ref:0 ;
in:97 out:99 type:b dur:2 cpbdur:2 q:35.40 aq:30.11 tex:2152 mv:1604 misc:956 imb:21 pmb:144 smb:7995 d:- ref:0 ;
in:99 out:100 type:b dur:2 cpbdur:2 q:35.40 aq:30.65 tex:2070 mv:1283 misc:775 imb:5 pmb:123 smb:8032 d:- ref:0 ;
in:104 out:101 type:P dur:2 cpbdur:2 q:35.40 aq:29.60 tex:37054 mv:17081 misc:5249 imb:327 pmb:1769 smb:6064 d:- ref:0 ;
in:102 out:102 type:B dur:2 cpbdur:2 q:35.40 aq:30.28 tex:4986 mv:4916 misc:1858 imb:45 pmb:453 smb:7662 d:- ref:0 ;
in:101 out:103 type:b dur:2 cpbdur:2 q:35.40 aq:31.51 tex:2199 mv:2322 misc:1055 imb:7 pmb:210 smb:7943 d:- ref:0 ;
in:103 out:104 type:b dur:2 cpbdur:2 q:35.40 aq:34.88 tex:1965 mv:2059 misc:888 imb:9 pmb:186 smb:7965 d:- ref:0 ;
in:108 out:105 type:P dur:2 cpbdur:2 q:35.40 aq:29.77 tex:32846 mv:15632 misc:4730 imb:330 pmb:1470 smb:6360 d:- ref:0 ;
in:106 out:106 type:B dur:2 cpbdur:2 q:35.40 aq:30.66 tex:7440 mv:8438 misc:2770 imb:49 pmb:738 smb:7373 d:- ref:0 ;
in:105 out:107 type:b dur:2 cpbdur:2 q:35.40 aq:34.66 tex:2488 mv:2498 misc:982 imb:5 pmb:213 smb:7942 d:- ref:0 ;
in:107 out:108 type:b dur:2 cpbdur:2 q:35.40 aq:31.71 tex:2946 mv:3823 misc:1695 imb:15 pmb:374 smb:7771 d:- ref:0 ;
in:110 out:109 type:P dur:2 cpbdur:2 q:35.40 aq:33.06 tex:9326 mv:6955 misc:3159 imb:111 pmb:791 smb:7258 d:- ref:0 ;
in:109 out:110 type:b dur:2 cpbdur:2 q:35.40 aq:32.61 tex:1705 mv:2415 misc:1200 imb:4 pmb:217 smb:7939 d:- ref:0 ;
in:111 out:111 type:I dur:2 cpbdur:2 q:32.49 aq:23.61 tex:257495 mv:75609 misc:680 imb:8160 pmb:0 smb:0 d:- ref:;
in:114 out:112 type:P dur:2 cpbdur:2 q:35.40 aq:24.30 tex:12751 mv:13067 misc:4966 imb:439 pmb:1128 smb:6593 d:- ref:0 ;
in:112 out:113 type:B dur:2 cpbdur:2 q:35.40 aq:22.90 tex:1373 mv:4933 misc:2310 imb:30 pmb:556 smb:7574 d:- ref:0 ;
in:113 out:114 type:b dur:2 cpbdur:2 q:35.40 aq:24.69 tex:850 mv:4063 misc:1943 imb:21 pmb:450 smb:7689 d:- ref:0 ;
in:116 out:115 type:P dur:2 cpbdur:2 q:35.40 aq:25.24 tex:22518 mv:14646 misc:5540 imb:709 pmb:1402 smb:6049 d:- ref:0 ;
in:115 out:116 type:b dur:2 cpbdur:2 q:35.40 aq:28.20 tex:1122 mv:2961 misc:1901 imb:12 pmb:397 smb:7751 d:- ref:0 ;
in:120 out:117 type:P dur:2 cpbdur:2 q:35.40 aq:25.79 tex:26245 mv:17540 misc:5951 imb:858 pmb:1601 smb:5701 d:- ref:0 ;
in:118 out:118 type:B dur:2 cpbdur:2 q:35.40 aq:27.84 tex:9353 mv:5811 misc:3428 imb:42 pmb:1084 smb:7034 d:- ref:0 ;
in:117 out:119 type:b dur:2 cpbdur:2 q:35.40 aq:29.12 tex:3390 mv:2531 misc:2231 imb:12 pmb:546 smb:7602 d:- ref:0 ;
in:119 out:120 type:b dur:2 cpbdur:2 q:35.40 aq:29.28 tex:4656 mv:1817 misc:1943 imb:4 pmb:512 smb:7644 d:- ref:0 ;
in:124 out:121 type:P dur:2 cpbdur:2 q:35.40 aq:26.56 tex:24384 mv:14010 misc:4766 imb:658 pmb:1288 smb:6214 d:- ref:0 ;
in:122 out:122 type:B dur:2 cpbdur:2 q:35.40 aq:27.55 tex:7870 mv:7869 misc:3613 imb:74 pmb:942 smb:7144 d:- ref:0 ;
in:121 out:123 type:b dur:2 cpbdur:2 q:35.40 aq:30.13 tex:4171 mv:2494 misc:2079 imb:11 pmb:532 smb:7617 d:- ref:0 ;
in:123 out:124 type:b dur:2 cpbdur:2 q:35.40 aq:30.67 tex:5397 mv:2098 misc:1769 imb:15 pmb:524 smb:7621 d:- ref:0 ;
in:128 out:125 type:P dur:2 cpbdur:2 q:35.40 aq:25.63 tex:37013 mv:24306 misc:6409 imb:1523 pmb:1637 smb:5000 d:- ref:0 ;
in:126 out:126 type:B dur:2 cpbdur:2 q:35.40 aq:27.38 tex:5928 mv:7281 misc:3911 imb:75 pmb:1018 smb:7067 d:- ref:0 ;
in:125 out:127 type:b dur:2 cpbdur:2 q:35.40 aq:28.14 tex:8185 mv:6000 misc:3319 imb:87 pmb:920 smb:7153 d:- ref:0 ;
in:127 out:128 type:b dur:2 cpbdur:2 q:35.40 aq:29.82 tex:8723 mv:3344 misc:2205 imb:51 pmb:732 smb:7377 d:- ref:0 ;
in:132 out:129 type:P dur:2 cpbdur:2 q:35.40 aq:26.15 tex:33355 mv:22120 misc:6173 imb:1230 pmb:1560 smb:5370 d:- ref:0 ;
in:130 out:130 type:B dur:2 cpbdur:2 q:35.40 aq:28.53 tex:9462 mv:7697 misc:3361 imb:72 pmb:1151 smb:6937 d:- ref:0 ;
in:129 out:131 type:b dur:2 cpbdur:2 q:35.40 aq:30.77 tex:5138 mv:3408 misc:2046 imb:25 pmb:636 smb:7499 d:- ref:0 ;
in:131 out:132 type:b dur:2 cpbdur:2 q:35.40 aq:29.78 tex:3272 mv:4401 misc:2799 imb:31 pmb:672 smb:7457 d:- ref:0 ;
in:136 out:133 type:P dur:2 cpbdur:2 q:35.40 aq:26.63 tex:32197 mv:21355 misc:5952 imb:1322 pmb:1415 smb:5423 d:- ref:0 ;
in:134 out:134 type:B dur:2 cpbdur:2 q:35.40 aq:28.10 tex:6700 mv:7395 misc:3673 imb:99 pmb:984 smb:7077 d:- ref:0 ;
in:133 out:135 type:b dur:2 cpbdur:2 q:35.40 aq:28.88 tex:6496 mv:5667 misc:2653 imb:46 pmb:854 smb:7260 d:- ref:0 ;
in:135 out:136 type:b dur:2 cpbdur:2 q:35.40 aq:30.05 tex:6385 mv:4837 misc:2594 imb:25 pmb:834 smb:7301 d:- ref:0 ;
in:140 out:137 type:P dur:2 cpbdur:2 q:35.40 aq:27.22 tex:39156 mv:25784 misc:6540 imb:1818 pmb:1700 smb:4642 d:- ref:0 ;
in:138 out:138 type:B dur:2 cpbdur:2 q:35.40 aq:27.88 tex:5094 mv:6564 misc:3878 imb:94 pmb:877 smb:7189 d:- ref:0 ;
in:137 out:139 type:b dur:2 cpbdur:2 q:35.40 aq:28.83 tex:3509 mv:2069 misc:2158 imb:24 pmb:520 smb:7616 d:- ref:0 ;
in:139 out:140 type:b dur:2 cpbdur:2 q:35.40 aq:28.24 tex:2663 mv:1979 misc:2398 imb:33 pmb:415 smb:7712 d:- ref:0 ;
in:144 out:141 type:P dur:2 cpbdur:2 q:35.40 aq:27.96 tex:33372 mv:21245 misc:5999 imb:1468 pmb:1366 smb:5326 d:- ref:0 ;
in:142 out:142 type:B dur:2 cpbdur:2 q:35.40 aq:27.48 tex:7335 mv:9184 misc:4449 imb:115 pmb:1127 smb:6918 d:- ref:0 ;
in:141 out:143 type:b dur:2 cpbdur:2 q:35.40 aq:26.95 tex:2787 mv:4642 misc:3075 imb:41 pmb:619 smb:7500 d:- ref:0 ;
in:143 out:144 type:b dur:2 cpbdur:2 q:35.40 aq:27.63 tex:4190 mv:4503 misc:3155 imb:60 pmb:708 smb:7392 d:- ref:0 ;
in:148 out:145 type:P dur:2 cpbdur:2 q:35.40 aq:27.73 tex:175575 mv:40507 misc:606 imb:7987 pmb:170 smb:3 d:- ref:0 ;
in:146 out:146 type:B dur:2 cpbdur:2 q:35.40 aq:29.84 tex:11342 mv:5996 misc:3246 imb:134 pmb:903 smb:7123 d:- ref:0 ;
in:145 out:147 type:b dur:2 cpbdur:2 q:35.40 aq:30.89 tex:5285 mv:1649 misc:2050 imb:15 pmb:604 smb:7541 d:- ref:0 ;
in:147 out:148 type:b dur:2 cpbdur:2 q:35.40 aq:29.27 tex:9460 mv:2819 misc:1865 imb:52 pmb:421 smb:7687 d:- ref:0 ;
in:152 out:149 type:P dur:2 cpbdur:2 q:35.40 aq:26.54 tex:23474 mv:16946 misc:5940 imb:883 pmb:1399 smb:5878 d:- ref:0 ;
in:150 out:150 type:B dur:2 cpbdur:2 q:35.40 aq:27.54 tex:2625 mv:5392 misc:3175 imb:53 pmb:616 smb:7491 d:- ref:0 ;
in:149 out:151 type:b dur:2 cpbdur:2 q:35.40 aq:28.33 tex:1101 mv:2100 misc:1647 imb:15 pmb:256 smb:7889 d:- ref:0 ;
in:151 out:152 type:b dur:2 cpbdur:2 q:35.40 aq:28.92 tex:430 mv:1305 misc:1065 imb:6 pmb:141 smb:8013 d:- ref:0 ;
in:156 out:153 type:P dur:2 cpbdur:2 q:35.40 aq:26.69 tex:26588 mv:21670 misc:6518 imb:1157 pmb:1583 smb:5420 d:- ref:0 ;
in:154 out:154 type:B dur:2 cpbdur:2 q:35.40 aq:26.88 tex:2629 mv:6924 misc:3495 imb:68 pmb:764 smb:7328 d:- ref:0 ;
in:153 out:155 type:b dur:2 cpbdur:2 q:35.40 aq:26.65 tex:705 mv:1967 misc:1528 imb:14 pmb:225 smb:7921 d:- ref:0 ;
in:155 out:156 type:b dur:2 cpbdur:2 q:35.40 aq:28.77 tex:424 mv:516 misc:852 imb:4 pmb:76 smb:8080 d:- ref:0 ;
in:160 out:157 type:P dur:2 cpbdur:2 q:35.40 aq:27.12 tex:18337 mv:16692 misc:5867 imb:986 pmb:1206 smb:5968 d:- ref:0 ;
in:158 out:158 type:B dur:2 cpbdur:2 q:35.40 aq:27.65 tex:2213 mv:4879 misc:2844 imb:62 pmb:512 smb:7586 d:- ref:0 ;
in:157 out:159 type:b dur:2 cpbdur:2 q:35.40 aq:28.51 tex:496 mv:976 misc:1016 imb:7 pmb:119 smb:8034 d:- ref:0 ;
in:159 out:160 type:b dur:2 cpbdur:2 q:35.40 aq:30.58 tex:563 mv:1082 misc:1139 imb:7 pmb:133 smb:8020 d:- ref:0 ;
in:162 out:161 type:P dur:2 cpbdur:2 q:35.40 aq:27.19 tex:13817 mv:12554 misc:5605 imb:671 pmb:1023 smb:6466 d:- ref:0 ;
in:161 out:162 type:b dur:2 cpbdur:2 q:35.40 aq:29.12 tex:202 mv:1264 misc:1030 imb:2 pmb:145 smb:8013 d:- ref:0 ;
in:166 out:163 type:P dur:2 cpbdur:2 q:35.40 aq:28.68 tex:21100 mv:16502 misc:5518 imb:1014 pmb:1078 smb:6068 d:- ref:0 ;
in:164 out:164 type:B dur:2 cpbdur:2 q:35.40 aq:29.44 tex:3103 mv:4642 misc:2543 imb:44 pmb:512 smb:7604 d:- ref:0 ;
in:163 out:165 type:b dur:2 cpbdur:2 q:35.40 aq:28.81 tex:428 mv:1024 misc:1028 imb:3 pmb:127 smb:8030 d:- ref:0 ;
in:165 out:166 type:b dur:2 cpbdur:2 q:35.40 aq:32.63 tex:804 mv:1628 misc:1264 imb:6 pmb:201 smb:7953 d:- ref:0 ;
in:170 out:167 type:P dur:2 cpbdur:2 q:35.40 aq:28.34 tex:88814 mv:18303 misc:4963 imb:1433 pmb:892 smb:5835 d:- ref:0 ;
in:168 out:168 type:B dur:2 cpbdur:2 q:35.40 aq:29.72 tex:15098 mv:10936 misc:2966 imb:195 pmb:797 smb:7168 d:- ref:0 ;
in:167 out:169 type:b dur:2 cpbdur:2 q:35.40 aq:31.51 tex:5989 mv:4739 misc:1648 imb:33 pmb:430 smb:7697 d:- ref:0 ;
in:169 out:170 type:b dur:2 cpbdur:2 q:35.40 aq:34.40 tex:3552 mv:4467 misc:1461 imb:25 pmb:379 smb:7756 d:- ref:0 ;
in:172 out:171 type:P dur:2 cpbdur:2 q:35.40 aq:29.55 tex:23807 mv:13371 misc:4310 imb:551 pmb:971 smb:6638 d:- ref:0 ;
in:171 out:172 type:b dur:2 cpbdur:2 q:35.40 aq:35.49 tex:2100 mv:3622 misc:1430 imb:6 pmb:324 smb:7830 d:- ref:0 ;
in:174 out:173 type:P dur:2 cpbdur:2 q:35.40 aq:32.71 tex:24724 mv:13090 misc:4066 imb:567 pmb:980 smb:6613 d:- ref:0 ;
in:173 out:174 type:b dur:2 cpbdur:2 q:35.40 aq:32.42 tex:3312 mv:6823 misc:2665 imb:118 pmb:700 smb:7342 d:- ref:0 ;
in:175 out:175 type:P dur:2 cpbdur:2 q:35.40 aq:30.40 tex:27436 mv:15449 misc:4411 imb:1008 pmb:991 smb:6161 d:- ref:0 ;
in:176 out:176 type:P dur:2 cpbdur:2 q:35.40 aq:29.73 tex:33674 mv:17645 misc:4929 imb:1236 pmb:1053 smb:5871 d:- ref:0 ;
in:177 out:177 type:P dur:2 cpbdur:2 q:35.40 aq:30.30 tex:68633 mv:23827 misc:4860 imb:2103 pmb:1062 smb:4995 d:- ref:0 ;
in:178 out:178 type:P dur:2 cpbdur:2 q:35.40 aq:30.96 tex:85508 mv:27129 misc:4987 imb:1921 pmb:1454 smb:4785 d:- ref:0 ;
in:179 out:179 type:P dur:2 cpbdur:2 q:35.40 aq:31.18 tex:76993 mv:29949 misc:5618 imb:1587 pmb:1926 smb:4647 d:- ref:0 ;
in:180 out:180 type:P dur:2 cpbdur:2 q:35.40 aq:30.41 tex:70055 mv:30081 misc:5864 imb:1470 pmb:2023 smb:4667 d:- ref:0 ;
in:181 out:181 type:P dur:2 cpbdur:2 q:35.40 aq:30.64 tex:67708 mv:30826 misc:6234 imb:1229 pmb:2263 smb:4668 d:- ref:0 ;
in:184 out:182 type:P dur:2 cpbdur:2 q:35.40 aq:31.10 tex:205745 mv:50465 misc:3446 imb:4549 pmb:1650 smb:1961 d:- ref:0 ;
in:182 out:183 type:B dur:2 cpbdur:2 q:35.40 aq:32.51 tex:24854 mv:28577 misc:5937 imb:439 pmb:2091 smb:5630 d:- ref:0 ;
in:183 out:184 type:b dur:2 cpbdur:2 q:35.40 aq:32.41 tex:14819 mv:22351 misc:5558 imb:299 pmb:1846 smb:6015 d:- ref:0 ;
in:185 out:185 type:P dur:2 cpbdur:2 q:35.40 aq:31.10 tex:80288 mv:30279 misc:5713 imb:1565 pmb:2114 smb:4481 d:- ref:0 ;
in:186 out:186 type:P dur:2 cpbdur:2 q:35.40 aq:31.33 tex:127066 mv:40565 misc:5193 imb:2947 pmb:2120 smb:3093 d:- ref:0 ;
in:187 out:187 type:P dur:2 cpbdur:2 q:35.40 aq:31.12 tex:182864 mv:46476 misc:4172 imb:4239 pmb:1589 smb:2332 d:- ref:0 ;
in:188 out:188 type:P dur:2 cpbdur:2 q:35.40 aq:30.49 tex:229076 mv:48736 misc:3588 imb:4785 pmb:1419 smb:1956 d:- ref:0 ;
in:189 out:189 type:P dur:2 cpbdur:2 q:35.40 aq:30.19 tex:264095 mv:51466 misc:3375 imb:5143 pmb:1406 smb:1611 d:- ref:0 ;
in:190 out:190 type:P dur:2 cpbdur:2 q:35.40 aq:30.00 tex:257179 mv:52445 misc:3440 imb:4632 pmb:1758 smb:1770 d:- ref:0 ;
in:194 out:191 type:P dur:2 cpbdur:2 q:35.40 aq:29.17 tex:300916 mv:55133 misc:2359 imb:6140 pmb:1171 smb:849 d:- ref:0 ;
in:192 out:192 type:B dur:2 cpbdur:2 q:35.40 aq:32.23 tex:25231 mv:22008 misc:5497 imb:440 pmb:1668 smb:6052 d:- ref:0 ;
in:191 out:193 type:b dur:2 cpbdur:2 q:35.40 aq:31.71 tex:10578 mv:17697 misc:4509 imb:295 pmb:1317 smb:6548 d:- ref:0 ;
in:193 out:194 type:b dur:2 cpbdur:2 q:35.40 aq:33.23 tex:7270 mv:12979 misc:3807 imb:186 pmb:1091 smb:6883 d:- ref:0 ;
in:198 out:195 type:P dur:2 cpbdur:2 q:35.40 aq:29.94 tex:62750 mv:27875 misc:5711 imb:801 pmb:2232 smb:5127 d:- ref:0 ;
in:196 out:196 type:B dur:2 cpbdur:2 q:35.40 aq:33.05 tex:10647 mv:15768 misc:4305 imb:131 pmb:1323 smb:6706 d:- ref:0 ;
in:195 out:197 type:b dur:2 cpbdur:2 q:35.40 aq:34.04 tex:4595 mv:9252 misc:2969 imb:77 pmb:804 smb:7279 d:- ref:0 ;
in:197 out:198 type:b dur:2 cpbdur:2 q:35.40 aq:35.36 tex:3552 mv:6569 misc:2375 imb:30 pmb:617 smb:7513 d:- ref:0 ;
in:200 out:199 type:P dur:2 cpbdur:2 q:35.40 aq:30.41 tex:36613 mv:20923 misc:5840 imb:451 pmb:2064 smb:5645 d:- ref:0 ;
in:199 out:200 type:b dur:2 cpbdur:2 q:35.40 aq:35.52 tex:3541 mv:7324 misc:2263 imb:82 pmb:662 smb:7416 d:- ref:0 ;
in:203 out:201 type:P dur:2 cpbdur:2 q:35.40 aq:29.62 tex:53533 mv:26321 misc:6258 imb:1122 pmb:2019 smb:5019 d:- ref:0 ;
in:201 out:202 type:B dur:2 cpbdur:2 q:35.40 aq:30.85 tex:7838 mv:13051 misc:3895 imb:173 pmb:1127 smb:6860 d:- ref:0 ;
in:202 out:203 type:b dur:2 cpbdur:2 q:35.40 aq:32.50 tex:6089 mv:10138 misc:3429 imb:123 pmb:875 smb:7162 d:- ref:0 ;
in:205 out:204 type:P dur:2 cpbdur:2 q:35.40 aq:29.93 tex:43389 mv:22400 misc:5771 imb:1224 pmb:1569 smb:5367 d:- ref:0 ;
in:204 out:205 type:b dur:2 cpbdur:2 q:35.40 aq:31.66 tex:6318 mv:10768 misc:3426 imb:153 pmb:842 smb:7165 d:- ref:0 ;
in:207 out:206 type:P dur:2 cpbdur:2 q:35.40 aq:30.60 tex:88721 mv:29895 misc:5368 imb:2192 pmb:1797 smb:4171 d:- ref:0 ;
in:206 out:207 type:b dur:2 cpbdur:2 q:35.40 aq:29.93 tex:6451 mv:13099 misc:3706 imb:215 pmb:1053 smb:6892 d:- ref:0 ;
in:209 out:208 type:P dur:2 cpbdur:2 q:35.40 aq:30.49 tex:199813 mv:49455 misc:2628 imb:6090 pmb:1063 smb:1007 d:- ref:0 ;
in:208 out:209 type:b dur:2 cpbdur:2 q:35.40 aq:29.41 tex:10187 mv:15324 misc:3889 imb:333 pmb:1167 smb:6660 d:- ref:0 ;
in:210 out:210 type:P dur:2 cpbdur:2 q:35.40 aq:30.73 tex:161581 mv:44202 misc:4033 imb:4097 pmb:1643 smb:2420 d:- ref:0 ;
in:211 out:211 type:P dur:2 cpbdur:2 q:35.40 aq:30.62 tex:177989 mv:45871 misc:2964 imb:5522 pmb:1133 smb:1505 d:- ref:0 ;
in:212 out:212 type:P dur:2 cpbdur:2 q:35.40 aq:30.28 tex:164410 mv:45984 misc:2630 imb:5843 pmb:1073 smb:1244 d:- ref:0 ;
in:213 out:213 type:P dur:2 cpbdur:2 q:35.40 aq:30.09 tex:139363 mv:42402 misc:3571 imb:4503 pmb:1378 smb:2279 d:- ref:0 ;
in:214 out:214 type:P dur:2 cpbdur:2 q:35.40 aq:29.55 tex:45859 mv:19559 misc:5486 imb:1186 pmb:1522 smb:5452 d:- ref:0 ;
in:215 out:215 type:P dur:2 cpbdur:2 q:35.40 aq:29.42 tex:44162 mv:19582 misc:5152 imb:951 pmb:1601 smb:5608 d:- ref:0 ;
in:217 out:216 type:P dur:2 cpbdur:2 q:35.40 aq:29.29 tex:59555 mv:23471 misc:5646 imb:1223 pmb:1852 smb:5085 d:- ref:0 ;
in:216 out:217 type:b dur:2 cpbdur:2 q:35.40 aq:31.28 tex:4053 mv:6929 misc:3282 imb:125 pmb:735 smb:7300 d:- ref:0 ;
in:219 out:218 type:P dur:2 cpbdur:2 q:35.40 aq:29.52 tex:35257 mv:21065 misc:5982 imb:779 pmb:1930 smb:5451 d:- ref:0 ;
in:218 out:219 type:b dur:2 cpbdur:2 q:35.40 aq:28.61 tex:2354 mv:2134 misc:1432 imb:102 pmb:211 smb:7847 d:- ref:0 ;
in:221 out:220 type:P dur:2 cpbdur:2 q:35.40 aq:30.45 tex:41818 mv:21677 misc:5369 imb:806 pmb:2014 smb:5340 d:- ref:0 ;
in:220 out:221 type:b dur:2 cpbdur:2 q:35.40 aq:27.92 tex:357 mv:105 misc:634 imb:1 pmb:37 smb:8122 d:- ref:0 ;
in:223 out:222 type:P dur:2 cpbdur:2 q:35.40 aq:30.16 tex:58416 mv:21477 misc:5203 imb:816 pmb:2000 smb:5344 d:- ref:0 ;
in:222 out:223 type:b dur:2 cpbdur:2 q:35.40 aq:28.22 tex:336 mv:222 misc:698 imb:1 pmb:48 smb:8111 d:- ref:0 ;
in:225 out:224 type:P dur:2 cpbdur:2 q:35.40 aq:30.95 tex:62854 mv:18287 misc:4803 imb:669 pmb:1935 smb:5556 d:- ref:0 ;
in:224 out:225 type:b dur:2 cpbdur:2 q:35.40 aq:27.70 tex:294 mv:137 misc:609 imb:2 pmb:31 smb:8127 d:- ref:0 ;
in:228 out:226 type:P dur:2 cpbdur:2 q:35.40 aq:28.29 tex:86847 mv:25274 misc:6375 imb:1193 pmb:2428 smb:4539 d:- ref:0 ;
in:226 out:227 type:B dur:2 cpbdur:2 q:35.40 aq:25.18 tex:904 mv:455 misc:1089 imb:18 pmb:98 smb:8044 d:- ref:0 ;
in:227 out:228 type:b dur:2 cpbdur:2 q:35.40 aq:29.53 tex:190 mv:74 misc:488 imb:2 pmb:12 smb:8146 d:- ref:0 ;
in:230 out:229 type:P dur:2 cpbdur:2 q:35.40 aq:30.07 tex:41931 mv:13611 misc:5218 imb:354 pmb:1871 smb:5935 d:- ref:0 ;
in:229 out:230 type:b dur:2 cpbdur:2 q:35.40 aq:26.47 tex:111 mv:49 misc:472 imb:1 pmb:10 smb:8149 d:- ref:0 ;
in:232 out:231 type:P dur:2 cpbdur:2 q:35.40 aq:29.28 tex:76911 mv:22507 misc:5902 imb:1212 pmb:2140 smb:4808 d:- ref:0 ;
in:231 out:232 type:b dur:2 cpbdur:2 q:35.40 aq:26.24 tex:200 mv:191 misc:537 imb:3 pmb:19 smb:8138 d:- ref:0 ;
in:234 out:233 type:P dur:2 cpbdur:2 q:35.40 aq:28.40 tex:58987 mv:20657 misc:5804 imb:846 pmb:2032 smb:5282 d:- ref:0 ;
in:233 out:234 type:b dur:2 cpbdur:2 q:35.40 aq:29.23 tex:407 mv:890 misc:1015 imb:7 pmb:113 smb:8040 d:- ref:0 ;
in:238 out:235 type:P dur:2 cpbdur:2 q:35.40 aq:27.31 tex:56996 mv:25289 misc:6115 imb:1017 pmb:2062 smb:5081 d:- ref:0 ;
in:236 out:236 type:B dur:2 cpbdur:2 q:35.40 aq:29.12 tex:6292 mv:8859 misc:3489 imb:100 pmb:844 smb:7216 d:- ref:0 ;
in:235 out:237 type:b dur:2 cpbdur:2 q:35.40 aq:32.06 tex:840 mv:3628 misc:2100 imb:15 pmb:416 smb:7729 d:- ref:0 ;
in:237 out:238 type:b dur:2 cpbdur:2 q:35.40 aq:30.75 tex:2665 mv:6101 misc:2746 imb:49 pmb:676 smb:7435 d:- ref:0 ;
in:242 out:239 type:P dur:2 cpbdur:2 q:35.40 aq:27.54 tex:62369 mv:20958 misc:6065 imb:814 pmb:1732 smb:5614 d:- ref:0 ;
in:240 out:240 type:B dur:2 cpbdur:2 q:35.40 aq:29.82 tex:6853 mv:7012 misc:3023 imb:55 pmb:813 smb:7292 d:- ref:0 ;
in:239 out:241 type:b dur:2 cpbdur:2 q:35.40 aq:31.49 tex:1066 mv:3202 misc:2012 imb:7 pmb:410 smb:7743 d:- ref:0 ;
in:241 out:242 type:b dur:2 cpbdur:2 q:35.40 aq:28.56 tex:1310 mv:1426 misc:1312 imb:5 pmb:236 smb:7919 d:- ref:0 ;
in:246 out:243 type:P dur:2 cpbdur:2 q:35.40 aq:27.62 tex:30549 mv:17702 misc:5981 imb:694 pmb:1535 smb:5931 d:- ref:0 ;
in:244 out:244 type:B dur:2 cpbdur:2 q:35.40 aq:28.70 tex:2823 mv:6107 misc:3062 imb:34 pmb:743 smb:7383 d:- ref:0 ;
in:243 out:245 type:b dur:2 cpbdur:2 q:35.40 aq:26.73 tex:639 mv:1930 misc:1455 imb:6 pmb:240 smb:7914 d:- ref:0 ;
in:245 out:246 type:b dur:2 cpbdur:2 q:35.40 aq:26.72 tex:652 mv:893 misc:1079 imb:5 pmb:127 smb:8028 d:- ref:0 ;
in:248 out:247 type:P dur:2 cpbdur:2 q:35.40 aq:27.92 tex:14918 mv:10221 misc:4749 imb:532 pmb:1146 smb:6482 d:- ref:0 ;
in:247 out:248 type:b dur:2 cpbdur:2 q:35.40 aq:26.73 tex:398 mv:551 misc:835 imb:6 pmb:77 smb:8077 d:- ref:0 ;
in:250 out:249 type:P dur:2 cpbdur:2 q:35.40 aq:27.38 tex:8457 mv:6135 misc:3696 imb:153 pmb:835 smb:7172 d:- ref:0 ;
in:249 out:250 type:b dur:2 cpbdur:2 q:35.40 aq:26.57 tex:287 mv:145 misc:616 imb:5 pmb:30 smb:8125 d:- ref:0 ;
in:254 out:251 type:P dur:2 cpbdur:2 q:35.40 aq:27.49 tex:10548 mv:7536 misc:3588 imb:246 pmb:714 smb:7200 d:- ref:0 ;
in:252 out:252 type:B dur:2 cpbdur:2 q:35.40 aq:26.59 tex:3388 mv:4223 misc:2869 imb:103 pmb:428 smb:7629 d:- ref:0 ;
in:251 out:253 type:b dur:2 cpbdur:2 q:35.40 aq:23.54 tex:220 mv:206 misc:606 imb:3 pmb:33 smb:8124 d:- ref:0 ;
in:253 out:254 type:b dur:2 cpbdur:2 q:35.40 aq:26.52 tex:179 mv:203 misc:554 imb:5 pmb:20 smb:8135 d:- ref:0 ;
in:255 out:255 type:I dur:2 cpbdur:2 q:32.49 aq:26.94 tex:970648 mv:207527 misc:697 imb:8160 pmb:0 smb:0 d:- ref:;
in:259 out:256 type:P dur:2 cpbdur:2 q:35.40 aq:29.98 tex:92371 mv:24196 misc:6769 imb:211 pmb:3398 smb:4551 d:- ref:0 ;
in:257 out:257 type:B dur:2 cpbdur:2 q:35.40 aq:33.72 tex:12223 mv:12265 misc:4408 imb:12 pmb:1262 smb:6886 d:- ref:0 ;
in:256 out:258 type:b dur:2 cpbdur:2 q:35.40 aq:34.79 tex:1448 mv:4891 misc:2789 imb:2 pmb:587 smb:7571 d:- ref:0 ;
in:258 out:259 type:b dur:2 cpbdur:2 q:35.40 aq:35.07 tex:3815 mv:7903 misc:3826 imb:1 pmb:951 smb:7208 d:- ref:0 ;
in:263 out:260 type:P dur:2 cpbdur:2 q:35.40 aq:30.65 tex:106224 mv:26855 misc:6801 imb:264 pmb:3702 smb:4194 d:- ref:0 ;
in:261 out:261 type:B dur:2 cpbdur:2 q:35.40 aq:33.79 tex:13722 mv:13684 misc:4746 imb:22 pmb:1407 smb:6731 d:- ref:0 ;
in:260 out:262 type:b dur:2 cpbdur:2 q:35.40 aq:35.23 tex:1648 mv:5514 misc:3118 imb:0 pmb:655 smb:7505 d:- ref:0 ;
in:262 out:263 type:b dur:2 cpbdur:2 q:35.40 aq:34.48 tex:3838 mv:7982 misc:3772 imb:4 pmb:892 smb:7264 d:- ref:0 ;
in:267 out:264 type:P dur:2 cpbdur:2 q:35.40 aq:32.08 tex:70625 mv:21789 misc:6658 imb:192 pmb:2978 smb:4990 d:- ref:0 ;
in:265 out:265 type:B dur:2 cpbdur:2 q:35.40 aq:33.74 tex:12147 mv:12824 misc:4781 imb:17 pmb:1389 smb:6754 d:- ref:0 ;
in:264 out:266 type:b dur:2 cpbdur:2 q:35.40 aq:35.74 tex:1565 mv:5410 misc:3129 imb:1 pmb:653 smb:7506 d:- ref:0 ;
in:266 out:267 type:b dur:2 cpbdur:2 q:35.40 aq:35.55 tex:1717 mv:5150 misc:2957 imb:5 pmb:612 smb:7543 d:- ref:0 ;
in:269 out:268 type:P dur:2 cpbdur:2 q:35.40 aq:32.75 tex:82020 mv:21854 misc:6686 imb:712 pmb:2464 smb:4984 d:- ref:0 ;
in:268 out:269 type:b dur:2 cpbdur:2 q:35.40 aq:35.60 tex:15618 mv:12447 misc:4295 imb:168 pmb:1252 smb:6740 d:- ref:0 ;
in:270 out:270 type:P dur:2 cpbdur:2 q:35.40 aq:33.39 tex:275798 mv:34937 misc:4665 imb:2882 pmb:2439 smb:2839 d:- ref:0 ;
in:271 out:271 type:P dur:2 cpbdur:2 q:35.40 aq:33.82 tex:557318 mv:58971 misc:1303 imb:5459 pmb:2543 smb:158 d:- ref:0 ;
in:272 out:272 type:P dur:2 cpbdur:2 q:35.40 aq:34.19 tex:574654 mv:58638 misc:1852 imb:4968 pmb:2713 smb:479 d:- ref:0 ;
in:273 out:273 type:P dur:2 cpbdur:2 q:35.40 aq:33.89 tex:618542 mv:56498 misc:2488 imb:4239 pmb:2998 smb:923 d:- ref:0 ;
in:274 out:274 type:P dur:2 cpbdur:2 q:35.40 aq:33.64 tex:593478 mv:57415 misc:2659 imb:3886 pmb:3473 smb:801 d:- ref:0 ;
in:275 out:275 type:P dur:2 cpbdur:2 q:35.40 aq:33.13 tex:551599 mv:53924 misc:3181 imb:3360 pmb:3832 smb:968 d:- ref:0 ;
in:276 out:276 type:P dur:2 cpbdur:2 q:35.40 aq:32.79 tex:213256 mv:29415 misc:6865 imb:919 pmb:4189 smb:3052 d:- ref:0 ;
in:278 out:277 type:P dur:2 cpbdur:2 q:35.40 aq:32.82 tex:575337 mv:53830 misc:3425 imb:3335 pmb:3835 smb:990 d:- ref:0 ;
in:277 out:278 type:b dur:2 cpbdur:2 q:35.40 aq:37.59 tex:21877 mv:18831 misc:4420 imb:232 pmb:1441 smb:6487 d:- ref:0 ;
in:280 out:279 type:P dur:2 cpbdur:2 q:35.40 aq:32.58 tex:240737 mv:39027 misc:6068 imb:1211 pmb:4523 smb:2426 d:- ref:0 ;
in:279 out:280 type:b dur:2 cpbdur:2 q:35.40 aq:36.77 tex:17077 mv:18473 misc:4706 imb:227 pmb:1614 smb:6319 d:- ref:0 ;
in:284 out:281 type:P dur:2 cpbdur:2 q:35.40 aq:32.93 tex:265618 mv:47013 misc:5457 imb:1495 pmb:4699 smb:1966 d:- ref:0 ;
in:282 out:282 type:B dur:2 cpbdur:2 q:35.40 aq:35.80 tex:52653 mv:33263 misc:6140 imb:374 pmb:2487 smb:5299 d:- ref:0 ;
in:281 out:283 type:b dur:2 cpbdur:2 q:35.40 aq:37.04 tex:11608 mv:17732 misc:4540 imb:156 pmb:1548 smb:6456 d:- ref:0 ;
in:283 out:284 type:b dur:2 cpbdur:2 q:35.40 aq:37.85 tex:13434 mv:19919 misc:4743 imb:149 pmb:1679 smb:6332 d:- ref:0 ;
in:288 out:285 type:P dur:2 cpbdur:2 q:35.40 aq:33.84 tex:206784 mv:44309 misc:6123 imb:1294 pmb:4438 smb:2428 d:- ref:0 ;
in:286 out:286 type:B dur:2 cpbdur:2 q:35.40 aq:36.14 tex:44583 mv:31316 misc:6197 imb:245 pmb:2545 smb:5370 d:- ref:0 ;
in:285 out:287 type:b dur:2 cpbdur:2 q:35.40 aq:37.62 tex:13813 mv:16044 misc:4079 imb:128 pmb:1291 smb:6741 d:- ref:0 ;
in:287 out:288 type:b dur:2 cpbdur:2 q:35.40 aq:37.58 tex:16704 mv:19364 misc:5036 imb:140 pmb:1661 smb:6359 d:- ref:0 ;
in:290 out:289 type:P dur:2 cpbdur:2 q:35.40 aq:34.07 tex:177578 mv:38148 misc:6082 imb:1214 pmb:3744 smb:3202 d:- ref:0 ;
in:289 out:290 type:b dur:2 cpbdur:2 q:35.40 aq:36.69 tex:19037 mv:20271 misc:4852 imb:194 pmb:1774 smb:6192 d:- ref:0 ;
in:292 out:291 type:P dur:2 cpbdur:2 q:35.40 aq:34.63 tex:287905 mv:44770 misc:4701 imb:2608 pmb:3376 smb:2176 d:- ref:0 ;
in:291 out:292 type:b dur:2 cpbdur:2 q:35.40 aq:37.50 tex:26071 mv:21678 misc:4275 imb:342 pmb:1648 smb:6170 d:- ref:0 ;
in:293 out:293 type:P dur:2 cpbdur:2 q:35.40 aq:34.68 tex:121578 mv:27556 misc:6466 imb:1116 pmb:3070 smb:3974 d:- ref:0 ;
in:294 out:294 type:P dur:2 cpbdur:2 q:35.40 aq:34.63 tex:256522 mv:41516 misc:5210 imb:2508 pmb:3146 smb:2506 d:- ref:0 ;
in:295 out:295 type:P dur:2 cpbdur:2 q:35.40 aq:34.63 tex:264820 mv:38112 misc:4748 imb:2767 pmb:2712 smb:2681 d:- ref:0 ;
in:296 out:296 type:P dur:2 cpbdur:2 q:35.40 aq:34.10 tex:314235 mv:39879 misc:3742 imb:3741 pmb:2031 smb:2388 d:- ref:0 ;
in:297 out:297 type:P dur:2 cpbdur:2 q:35.40 aq:33.55 tex:305721 mv:37517 misc:3258 imb:4121 pmb:1652 smb:2387 d:- ref:0 ;
in:298 out:298 type:P dur:2 cpbdur:2 q:35.40 aq:33.10 tex:360103 mv:40300 misc:2517 imb:4875 pmb:1392 smb:1893 d:- ref:0 ;
in:299 out:299 type:P dur:2 cpbdur:2 q:35.40 aq:31.96 tex:460164 mv:48317 misc:1975 imb:5855 pmb:1350 smb:955 d:- ref:0 ;
in:300 out:300 type:P dur:2 cpbdur:2 q:35.40 aq:31.78 tex:568221 mv:51804 misc:1639 imb:6300 pmb:1315 smb:545 d:- ref:0 ;
in:301 out:301 type:P dur:2 cpbdur:2 q:35.40 aq:31.12 tex:640364 mv:55933 misc:1743 imb:6059 pmb:1662 smb:439 d:- ref:0 ;
in:303 out:302 type:P dur:2 cpbdur:2 q:35.40 aq:30.59 tex:620758 mv:59287 misc:1539 imb:5908 pmb:1959 smb:293 d:- ref:0 ;
in:302 out:303 type:b dur:2 cpbdur:2 q:35.40 aq:34.03 tex:13933 mv:15649 misc:5314 imb:253 pmb:1621 smb:6286 d:- ref:0 ;
in:306 out:304 type:P dur:2 cpbdur:2 q:35.40 aq:30.50 tex:166323 mv:43003 misc:5890 imb:1815 pmb:3793 smb:2552 d:- ref:0 ;
in:304 out:305 type:B dur:2 cpbdur:2 q:35.40 aq:33.54 tex:13944 mv:23575 misc:5993 imb:162 pmb:2078 smb:5920 d:- ref:0 ;
in:305 out:306 type:b dur:2 cpbdur:2 q:35.40 aq:33.93 tex:4439 mv:13033 misc:4648 imb:49 pmb:1241 smb:6870 d:- ref:0 ;
in:308 out:307 type:P dur:2 cpbdur:2 q:35.40 aq:30.86 tex:84721 mv:29555 misc:7108 imb:650 pmb:3694 smb:3816 d:- ref:0 ;
in:307 out:308 type:b dur:2 cpbdur:2 q:35.40 aq:35.03 tex:3697 mv:10290 misc:3885 imb:22 pmb:1051 smb:7087 d:- ref:0 ;
in:310 out:309 type:P dur:2 cpbdur:2 q:35.40 aq:31.08 tex:117738 mv:37084 misc:6522 imb:950 pmb:3855 smb:3355 d:- ref:0 ;
in:309 out:310 type:b dur:2 cpbdur:2 q:35.40 aq:34.32 tex:4472 mv:13473 misc:5095 imb:51 pmb:1480 smb:6629 d:- ref:0 ;
in:312 out:311 type:P dur:2 cpbdur:2 q:35.40 aq:31.46 tex:71651 mv:28020 misc:7145 imb:429 pmb:3377 smb:4354 d:- ref:0 ;
in:311 out:312 type:b dur:2 cpbdur:2 q:35.40 aq:35.00 tex:3343 mv:10947 misc:4102 imb:29 pmb:1099 smb:7032 d:- ref:0 ;
in:314 out:313 type:P dur:2 cpbdur:2 q:35.40 aq:31.41 tex:96850 mv:35166 misc:6672 imb:869 pmb:3603 smb:3688 d:- ref:0 ;
in:313 out:314 type:b dur:2 cpbdur:2 q:35.40 aq:33.71 tex:5469 mv:15704 misc:4739 imb:71 pmb:1395 smb:6694 d:- ref:0 ;
in:318 out:315 type:P dur:2 cpbdur:2 q:35.40 aq:33.06 tex:62232 mv:31274 misc:6638 imb:844 pmb:2702 smb:4614 d:- ref:0 ;
in:316 out:316 type:B dur:2 cpbdur:2 q:35.40 aq:33.19 tex:16912 mv:25688 misc:6576 imb:99 pmb:2396 smb:5665 d:- ref:0 ;
in:315 out:317 type:b dur:2 cpbdur:2 q:35.40 aq:34.89 tex:4247 mv:10762 misc:4183 imb:36 pmb:1077 smb:7047 d:- ref:0 ;
in:317 out:318 type:b dur:2 cpbdur:2 q:35.40 aq:34.82 tex:4356 mv:12282 misc:4586 imb:50 pmb:1184 smb:6926 d:- ref:0 ;
in:322 out:319 type:P dur:2 cpbdur:2 q:35.40 aq:33.14 tex:160040 mv:40852 misc:1756 imb:6754 pmb:661 smb:745 d:- ref:0 ;
in:320 out:320 type:B dur:2 cpbdur:2 q:35.40 aq:33.92 tex:92117 mv:59262 misc:6549 imb:1509 pmb:3455 smb:3196 d:- ref:0 ;
in:319 out:321 type:b dur:2 cpbdur:2 q:35.40 aq:35.48 tex:10690 mv:23759 misc:6087 imb:130 pmb:1868 smb:6162 d:- ref:0 ;
in:321 out:322 type:b dur:2 cpbdur:2 q:35.40 aq:34.32 tex:45609 mv:47506 misc:6909 imb:1473 pmb:2545 smb:4142 d:- ref:0 ;
in:323 out:323 type:P dur:2 cpbdur:2 q:35.40 aq:33.19 tex:135540 mv:46117 misc:2623 imb:6037 pmb:1264 smb:859 d:- ref:0 ;
in:324 out:324 type:I dur:2 cpbdur:2 q:32.49 aq:29.63 tex:295843 mv:166202 misc:587 imb:8160 pmb:0 smb:0 d:- ref:;
in:326 out:325 type:P dur:2 cpbdur:2 q:35.40 aq:26.59 tex:147272 mv:39295 misc:705 imb:7897 pmb:263 smb:0 d:- ref:0 w:4,17,-20,5,57,-128,35,-1 ;
in:325 out:326 type:b dur:2 cpbdur:2 q:35.40 aq:30.12 tex:134932 mv:58941 misc:4199 imb:3776 pmb:2843 smb:1541 d:- ref:0 ;
in:327 out:327 type:P dur:2 cpbdur:2 q:35.40 aq:25.57 tex:139151 mv:39336 misc:4729 imb:4450 pmb:1654 smb:2056 d:- ref:0 ;
in:328 out:328 type:P dur:2 cpbdur:2 q:35.40 aq:25.43 tex:172038 mv:31943 misc:6499 imb:2334 pmb:2395 smb:3431 d:- ref:0 ;
in:332 out:329 type:P dur:2 cpbdur:2 q:35.40 aq:26.12 tex:289832 mv:33594 misc:5894 imb:3118 pmb:1790 smb:3252 d:- ref:0 ;
in:330 out:330 type:B dur:2 cpbdur:2 q:35.40 aq:28.08 tex:75888 mv:21618 misc:6686 imb:353 pmb:3036 smb:4771 d:- ref:0 ;
in:329 out:331 type:b dur:2 cpbdur:2 q:35.40 aq:29.45 tex:26431 mv:14621 misc:6020 imb:133 pmb:1959 smb:6068 d:- ref:0 ;
in:331 out:332 type:b dur:2 cpbdur:2 q:35.40 aq:31.39 tex:19329 mv:12099 misc:5180 imb:107 pmb:1505 smb:6548 d:- ref:0 ;
in:336 out:333 type:P dur:2 cpbdur:2 q:35.40 aq:28.11 tex:235336 mv:30461 misc:4979 imb:2548 pmb:1492 smb:4120 d:- ref:0 w:4,15,1 ;
in:334 out:334 type:B dur:2 cpbdur:2 q:35.40 aq:29.61 tex:82157 mv:22593 misc:6002 imb:408 pmb:2529 smb:5223 d:- ref:0 ;
in:333 out:335 type:b dur:2 cpbdur:2 q:35.40 aq:32.65 tex:18127 mv:14057 misc:4920 imb:129 pmb:1558 smb:6473 d:- ref:0 ;
in:335 out:336 type:b dur:2 cpbdur:2 q:35.40 aq:31.64 tex:22261 mv:14148 misc:4647 imb:161 pmb:1377 smb:6622 d:- ref:0 ;
in:338 out:337 type:P dur:2 cpbdur:2 q:35.40 aq:27.84 tex:162340 mv:29483 misc:5801 imb:2104 pmb:1803 smb:4253 d:- ref:0 ;
in:337 out:338 type:b dur:2 cpbdur:2 q:35.40 aq:30.64 tex:25339 mv:15257 misc:5492 imb:185 pmb:1596 smb:6379 d:- ref:0 ;
in:339 out:339 type:P dur:2 cpbdur:2 q:35.40 aq:28.46 tex:145778 mv:27835 misc:5707 imb:2341 pmb:1702 smb:4117 d:- ref:0 ;
in:340 out:340 type:P dur:2 cpbdur:2 q:35.40 aq:29.88 tex:282940 mv:36545 misc:4963 imb:3208 pmb:1817 smb:3135 d:- ref:0 ;
in:341 out:341 type:P dur:2 cpbdur:2 q:35.40 aq:31.53 tex:410373 mv:37155 misc:5088 imb:2800 pmb:2074 smb:3286 d:- ref:0 ;
in:342 out:342 type:P dur:2 cpbdur:2 q:35.40 aq:31.42 tex:399136 mv:38030 misc:5762 imb:2674 pmb:2425 smb:3061 d:- ref:0 ;
in:343 out:343 type:P dur:2 cpbdur:2 q:35.40 aq:31.54 tex:298443 mv:33937 misc:5812 imb:1985 pmb:3114 smb:3061 d:- ref:0 ;
in:344 out:344 type:P dur:2 cpbdur:2 q:35.40 aq:31.82 tex:231560 mv:30482 misc:6422 imb:1360 pmb:3439 smb:3361 d:- ref:0 ;
in:345 out:345 type:P dur:2 cpbdur:2 q:35.40 aq:32.26 tex:226601 mv:31507 misc:6772 imb:1227 pmb:3537 smb:3396 d:- ref:0 ;
in:346 out:346 type:P dur:2 cpbdur:2 q:35.40 aq:32.52 tex:213776 mv:31129 misc:6751 imb:926 pmb:3996 smb:3238 d:- ref:0 ;
in:348 out:347 type:P dur:2 cpbdur:2 q:35.40 aq:32.44 tex:316550 mv:41215 misc:5547 imb:1293 pmb:4604 smb:2263 d:- ref:0 ;
in:347 out:348 type:b dur:2 cpbdur:2 q:35.40 aq:37.26 tex:22005 mv:19574 misc:5293 imb:186 pmb:1621 smb:6353 d:- ref:0 ;
in:352 out:349 type:P dur:2 cpbdur:2 q:35.40 aq:32.86 tex:452086 mv:51002 misc:4264 imb:1709 pmb:4915 smb:1536 d:- ref:0 ;
in:350 out:350 type:B dur:2 cpbdur:2 q:35.40 aq:35.53 tex:63728 mv:32937 misc:7343 imb:334 pmb:3067 smb:4759 d:- ref:0 ;
in:349 out:351 type:b dur:2 cpbdur:2 q:35.40 aq:37.34 tex:17564 mv:17212 misc:5288 imb:194 pmb:1511 smb:6455 d:- ref:0 ;
in:351 out:352 type:b dur:2 cpbdur:2 q:35.40 aq:38.21 tex:22422 mv:16523 misc:5159 imb:106 pmb:1630 smb:6424 d:- ref:0 ;
in:356 out:353 type:P dur:2 cpbdur:2 q:35.40 aq:33.31 tex:329326 mv:51873 misc:5169 imb:1688 pmb:4581 smb:1891 d:- ref:0 ;
in:354 out:354 type:B dur:2 cpbdur:2 q:35.40 aq:35.55 tex:66430 mv:34106 misc:7136 imb:248 pmb:3097 smb:4815 d:- ref:0 ;
in:353 out:355 type:b dur:2 cpbdur:2 q:35.40 aq:37.43 tex:19247 mv:17582 misc:5371 imb:108 pmb:1639 smb:6413 d:- ref:0 ;
in:355 out:356 type:b dur:2 cpbdur:2 q:35.40 aq:36.97 tex:24036 mv:19544 misc:5676 imb:168 pmb:1833 smb:6159 d:- ref:0 ;
in:357 out:357 type:P dur:2 cpbdur:2 q:35.40 aq:33.44 tex:142767 mv:31402 misc:6767 imb:765 pmb:3923 smb:3472 d:- ref:0 ;
in:358 out:358 type:P dur:2 cpbdur:2 q:35.40 aq:33.47 tex:152644 mv:31761 misc:6955 imb:1003 pmb:3431 smb:3726 d:- ref:0 ;
in:359 out:359 type:P dur:2 cpbdur:2 q:35.40 aq:33.23 tex:168861 mv:34121 misc:6978 imb:1247 pmb:3313 smb:3600 d:- ref:0 ;
in:361 out:360 type:P dur:2 cpbdur:2 q:35.40 aq:32.29 tex:193634 mv:36683 misc:6003 imb:2290 pmb:2463 smb:3407 d:- ref:0 ;
in:360 out:361 type:b dur:2 cpbdur:2 q:35.40 aq:36.69 tex:43977 mv:22260 misc:5971 imb:317 pmb:1940 smb:5903 d:- ref:0 ;
in:362 out:362 type:P dur:2 cpbdur:2 q:35.40 aq:30.92 tex:98960 mv:25398 misc:5802 imb:1650 pmb:1875 smb:4635 d:- ref:0 ;
in:363 out:363 type:P dur:2 cpbdur:2 q:35.40 aq:29.23 tex:85780 mv:24405 misc:5399 imb:1787 pmb:1745 smb:4628 d:- ref:0 ;
in:364 out:364 type:P dur:2 cpbdur:2 q:35.40 aq:28.67 tex:57510 mv:18877 misc:5269 imb:1136 pmb:1500 smb:5524 d:- ref:0 ;
in:365 out:365 type:P dur:2 cpbdur:2 q:35.40 aq:28.19 tex:44388 mv:19021 misc:5551 imb:840 pmb:1578 smb:5742 d:- ref:0 ;
in:366 out:366 type:P dur:2 cpbdur:2 q:35.40 aq:27.50 tex:48042 mv:19420 misc:5722 imb:865 pmb:1565 smb:5730 d:- ref:0 ;
in:367 out:367 type:P dur:2 cpbdur:2 q:35.40 aq:27.06 tex:39834 mv:18371 misc:5875 imb:746 pmb:1672 smb:5742 d:- ref:0 ;
in:368 out:368 type:P dur:2 cpbdur:2 q:35.40 aq:27.48 tex:41265 mv:18714 misc:5789 imb:674 pmb:1735 smb:5751 d:- ref:0 ;
in:370 out:369 type:P dur:2 cpbdur:2 q:35.40 aq:27.45 tex:52304 mv:20229 misc:5635 imb:893 pmb:1712 smb:5555 d:- ref:0 ;
in:369 out:370 type:b dur:2 cpbdur:2 q:35.40 aq:28.35 tex:2513 mv:5769 misc:2670 imb:73 pmb:540 smb:7547 d:- ref:0 ;
in:373 out:371 type:P dur:2 cpbdur:2 q:35.40 aq:27.72 tex:65767 mv:24754 misc:5767 imb:1240 pmb:1882 smb:5038 d:- ref:0 ;
in:371 out:372 type:B dur:2 cpbdur:2 q:35.40 aq:27.81 tex:5543 mv:10352 misc:3905 imb:145 pmb:850 smb:7165 d:- ref:0 ;
in:372 out:373 type:b dur:2 cpbdur:2 q:35.40 aq:27.49 tex:3401 mv:6121 misc:2894 imb:62 pmb:605 smb:7493 d:- ref:0 ;
in:376 out:374 type:P dur:2 cpbdur:2 q:35.40 aq:27.64 tex:71150 mv:24825 misc:5977 imb:1206 pmb:1947 smb:5007 d:- ref:0 ;
in:374 out:375 type:B dur:2 cpbdur:2 q:35.40 aq:30.21 tex:3972 mv:8288 misc:3172 imb:75 pmb:749 smb:7336 d:- ref:0 ;
in:375 out:376 type:b dur:2 cpbdur:2 q:35.40 aq:28.57 tex:4717 mv:8490 misc:3681 imb:115 pmb:775 smb:7270 d:- ref:0 ;
in:378 out:377 type:P dur:2 cpbdur:2 q:35.40 aq:27.54 tex:46572 mv:20278 misc:6110 imb:897 pmb:1700 smb:5563 d:- ref:0 ;
in:377 out:378 type:b dur:2 cpbdur:2 q:35.40 aq:28.53 tex:3338 mv:6051 misc:2451 imb:58 pmb:569 smb:7533 d:- ref:0 ;
in:382 out:379 type:P dur:2 cpbdur:2 q:35.40 aq:28.64 tex:42812 mv:21107 misc:5273 imb:751 pmb:1771 smb:5638 d:- ref:0 ;
in:380 out:380 type:B dur:2 cpbdur:2 q:35.40 aq:29.09 tex:9969 mv:13531 misc:4460 imb:156 pmb:1158 smb:6846 d:- ref:0 ;
in:379 out:381 type:b dur:2 cpbdur:2 q:35.40 aq:28.29 tex:1699 mv:4972 misc:2609 imb:52 pmb:496 smb:7612 d:- ref:0 ;
in:381 out:382 type:b dur:2 cpbdur:2 q:35.40 aq:31.44 tex:3350 mv:6346 misc:2888 imb:46 pmb:623 smb:7491 d:- ref:0 ;
in:384 out:383 type:P dur:2 cpbdur:2 q:35.40 aq:29.35 tex:44541 mv:18522 misc:4985 imb:749 pmb:1545 smb:5866 d:- ref:0 ;
in:383 out:384 type:b dur:2 cpbdur:2 q:35.40 aq:31.41 tex:4704 mv:7638 misc:3042 imb:59 pmb:720 smb:7381 d:- ref:0 ;
in:385 out:385 type:P dur:2 cpbdur:2 q:35.40 aq:28.79 tex:38336 mv:17542 misc:5578 imb:862 pmb:1495 smb:5803 d:- ref:0 ;
in:386 out:386 type:P dur:2 cpbdur:2 q:35.40 aq:28.76 tex:33093 mv:15347 misc:5528 imb:690 pmb:1353 smb:6117 d:- ref:0 ;
in:388 out:387 type:P dur:2 cpbdur:2 q:35.40 aq:30.70 tex:14360 mv:11052 misc:4588 imb:437 pmb:900 smb:6823 d:- ref:0 ;
in:387 out:388 type:b dur:2 cpbdur:2 q:35.40 aq:32.19 tex:4506 mv:4244 misc:2226 imb:30 pmb:447 smb:7683 d:- ref:0 ;
in:389 out:389 type:I dur:2 cpbdur:2 q:32.49 aq:25.81 tex:365025 mv:129952 misc:679 imb:8160 pmb:0 smb:0 d:- ref:;
in:393 out:390 type:P dur:2 cpbdur:2 q:35.40 aq:28.19 tex:73436 mv:38606 misc:5766 imb:1335 pmb:2740 smb:4085 d:- ref:0 ;
in:391 out:391 type:B dur:2 cpbdur:2 q:35.40 aq:29.81 tex:13496 mv:22675 misc:5237 imb:188 pmb:1833 smb:6139 d:- ref:0 ;
in:390 out:392 type:b dur:2 cpbdur:2 q:35.40 aq:28.78 tex:5896 mv:13655 misc:4049 imb:82 pmb:1234 smb:6844 d:- ref:0 ;
in:392 out:393 type:b dur:2 cpbdur:2 q:35.40 aq:30.73 tex:5326 mv:12891 misc:3967 imb:78 pmb:1178 smb:6904 d:- ref:0 ;
in:396 out:394 type:P dur:2 cpbdur:2 q:35.40 aq:28.10 tex:77772 mv:38919 misc:5845 imb:1369 pmb:2891 smb:3900 d:- ref:0 ;
in:394 out:395 type:B dur:2 cpbdur:2 q:35.40 aq:30.82 tex:7459 mv:15921 misc:4604 imb:107 pmb:1354 smb:6699 d:- ref:0 ;
in:395 out:396 type:b dur:2 cpbdur:2 q:35.40 aq:30.31 tex:4392 mv:10939 misc:3797 imb:93 pmb:1046 smb:7021 d:- ref:0 ;
in:400 out:397 type:P dur:2 cpbdur:2 q:35.40 aq:27.97 tex:112609 mv:44491 misc:5404 imb:2045 pmb:2836 smb:3279 d:- ref:0 ;
in:398 out:398 type:B dur:2 cpbdur:2 q:35.40 aq:30.11 tex:11297 mv:21837 misc:5394 imb:209 pmb:1755 smb:6196 d:- ref:0 ;
in:397 out:399 type:b dur:2 cpbdur:2 q:35.40 aq:31.87 tex:3868 mv:10298 misc:3506 imb:86 pmb:905 smb:7169 d:- ref:0 ;
in:399 out:400 type:b dur:2 cpbdur:2 q:35.40 aq:31.98 tex:2893 mv:10469 misc:3742 imb:90 pmb:957 smb:7113 d:- ref:0 ;
in:404 out:401 type:P dur:2 cpbdur:2 q:35.40 aq:28.40 tex:72426 mv:39810 misc:6052 imb:1317 pmb:3063 smb:3780 d:- ref:0 ;
in:402 out:402 type:B dur:2 cpbdur:2 q:35.40 aq:29.60 tex:5852 mv:16069 misc:5303 imb:147 pmb:1605 smb:6408 d:- ref:0 ;
in:401 out:403 type:b dur:2 cpbdur:2 q:35.40 aq:31.03 tex:2252 mv:10571 misc:3569 imb:97 pmb:914 smb:7149 d:- ref:0 ;
in:403 out:404 type:b dur:2 cpbdur:2 q:35.40 aq:28.18 tex:1255 mv:4467 misc:2462 imb:44 pmb:492 smb:7624 d:- ref:0 ;
in:408 out:405 type:P dur:2 cpbdur:2 q:35.40 aq:28.21 tex:55324 mv:33926 misc:6438 imb:1141 pmb:2787 smb:4232 d:- ref:0 ;
in:406 out:406 type:B dur:2 cpbdur:2 q:35.40 aq:30.11 tex:5406 mv:13228 misc:4630 imb:118 pmb:1235 smb:6807 d:- ref:0 ;
in:405 out:407 type:b dur:2 cpbdur:2 q:35.40 aq:27.73 tex:777 mv:4153 misc:2014 imb:48 pmb:387 smb:7725 d:- ref:0 ;
in:407 out:408 type:b dur:2 cpbdur:2 q:35.40 aq:31.01 tex:1319 mv:4757 misc:2396 imb:60 pmb:496 smb:7604 d:- ref:0 ;
in:412 out:409 type:P dur:2 cpbdur:2 q:35.40 aq:28.77 tex:53812 mv:33167 misc:6581 imb:1172 pmb:2582 smb:4406 d:- ref:0 ;
in:410 out:410 type:B dur:2 cpbdur:2 q:35.40 aq:29.84 tex:6380 mv:13567 misc:4445 imb:155 pmb:1183 smb:6822 d:- ref:0 ;
in:409 out:411 type:b dur:2 cpbdur:2 q:35.40 aq:31.66 tex:1709 mv:5032 misc:2507 imb:49 pmb:547 smb:7564 d:- ref:0 ;
in:411 out:412 type:b dur:2 cpbdur:2 q:35.40 aq:29.22 tex:1411 mv:5333 misc:2512 imb:67 pmb:501 smb:7592 d:- ref:0 ;
in:416 out:413 type:P dur:2 cpbdur:2 q:35.40 aq:28.56 tex:53711 mv:35047 misc:6602 imb:1465 pmb:2489 smb:4206 d:- ref:0 ;
in:414 out:414 type:B dur:2 cpbdur:2 q:35.40 aq:29.99 tex:6854 mv:15160 misc:4634 imb:177 pmb:1269 smb:6714 d:- ref:0 ;
in:413 out:415 type:b dur:2 cpbdur:2 q:35.40 aq:28.36 tex:1475 mv:4961 misc:2396 imb:50 pmb:480 smb:7630 d:- ref:0 ;
in:415 out:416 type:b dur:2 cpbdur:2 q:35.40 aq:28.47 tex:1531 mv:5550 misc:2559 imb:88 pmb:484 smb:7588 d:- ref:0 ;
in:420 out:417 type:P dur:2 cpbdur:2 q:35.40 aq:28.84 tex:52932 mv:36398 misc:6542 imb:1535 pmb:2496 smb:4129 d:- ref:0 ;
in:418 out:418 type:B dur:2 cpbdur:2 q:35.40 aq:30.26 tex:7099 mv:15762 misc:4883 imb:167 pmb:1323 smb:6670 d:- ref:0 ;
in:417 out:419 type:b dur:2 cpbdur:2 q:35.40 aq:31.88 tex:1876 mv:5676 misc:2520 imb:59 pmb:543 smb:7558 d:- ref:0 ;
in:419 out:420 type:b dur:2 cpbdur:2 q:35.40 aq:31.70 tex:1956 mv:6120 misc:2636 imb:58 pmb:570 smb:7532 d:- ref:0 ;
in:424 out:421 type:P dur:2 cpbdur:2 q:35.40 aq:30.09 tex:33102 mv:27102 misc:6364 imb:1010 pmb:1874 smb:5276 d:- ref:0 ;
in:422 out:422 type:B dur:2 cpbdur:2 q:35.40 aq:30.33 tex:9601 mv:17554 misc:5413 imb:222 pmb:1485 smb:6453 d:- ref:0 ;
in:421 out:423 type:b dur:2 cpbdur:2 q:35.40 aq:31.70 tex:2809 mv:6956 misc:3091 imb:97 pmb:630 smb:7433 d:- ref:0 ;
in:423 out:424 type:b dur:2 cpbdur:2 q:35.40 aq:30.95 tex:3374 mv:6990 misc:3236 imb:122 pmb:642 smb:7396 d:- ref:0 ;
in:425 out:425 type:I dur:2 cpbdur:2 q:32.49 aq:27.11 tex:1789025 mv:230029 misc:730 imb:8160 pmb:0 smb:0 d:- ref:;
in:429 out:426 type:P dur:2 cpbdur:2 q:35.40 aq:30.66 tex:117584 mv:23270 misc:6650 imb:318 pmb:3612 smb:4230 d:- ref:0 ;
in:427 out:427 type:B dur:2 cpbdur:2 q:35.40 aq:35.07 tex:16808 mv:13621 misc:4011 imb:49 pmb:1238 smb:6873 d:- ref:0 ;
in:426 out:428 type:b dur:2 cpbdur:2 q:35.40 aq:34.19 tex:3185 mv:5126 misc:2753 imb:4 pmb:645 smb:7511 d:- ref:0 ;
in:428 out:429 type:b dur:2 cpbdur:2 q:35.40 aq:39.71 tex:7086 mv:7505 misc:2601 imb:18 pmb:672 smb:7470 d:- ref:0 ;
in:433 out:430 type:P dur:2 cpbdur:2 q:35.40 aq:30.24 tex:172170 mv:28905 misc:6413 imb:449 pmb:4334 smb:3377 d:- ref:0 ;
in:431 out:431 type:B dur:2 cpbdur:2 q:35.40 aq:33.61 tex:20124 mv:15900 misc:4480 imb:79 pmb:1409 smb:6672 d:- ref:0 ;
in:430 out:432 type:b dur:2 cpbdur:2 q:35.40 aq:38.36 tex:8015 mv:7605 misc:2748 imb:38 pmb:704 smb:7418 d:- ref:0 ;
in:432 out:433 type:b dur:2 cpbdur:2 q:35.40 aq:38.79 tex:7798 mv:7599 misc:2707 imb:26 pmb:727 smb:7407 d:- ref:0 ;
in:437 out:434 type:P dur:2 cpbdur:2 q:35.40 aq:30.49 tex:179614 mv:28936 misc:6290 imb:542 pmb:4337 smb:3281 d:- ref:0 ;
in:435 out:435 type:B dur:2 cpbdur:2 q:35.40 aq:34.06 tex:21668 mv:16316 misc:4448 imb:90 pmb:1429 smb:6641 d:- ref:0 ;
in:434 out:436 type:b dur:2 cpbdur:2 q:35.40 aq:34.31 tex:8470 mv:7723 misc:2975 imb:41 pmb:753 smb:7366 d:- ref:0 ;
in:436 out:437 type:b dur:2 cpbdur:2 q:35.40 aq:31.58 tex:7832 mv:8257 misc:2815 imb:45 pmb:756 smb:7359 d:- ref:0 ;
in:441 out:438 type:P dur:2 cpbdur:2 q:35.40 aq:30.85 tex:187985 mv:30763 misc:6420 imb:597 pmb:4401 smb:3162 d:- ref:0 ;
in:439 out:439 type:B dur:2 cpbdur:2 q:35.40 aq:35.39 tex:24025 mv:17331 misc:4852 imb:109 pmb:1529 smb:6522 d:- ref:0 ;
in:438 out:440 type:b dur:2 cpbdur:2 q:35.40 aq:32.88 tex:9145 mv:8481 misc:3094 imb:34 pmb:833 smb:7293 d:- ref:0 ;
in:440 out:441 type:b dur:2 cpbdur:2 q:35.40 aq:34.46 tex:10058 mv:8580 misc:3002 imb:46 pmb:804 smb:7310 d:- ref:0 ;
in:445 out:442 type:P dur:2 cpbdur:2 q:35.40 aq:31.07 tex:164358 mv:30158 misc:6636 imb:610 pmb:4209 smb:3341 d:- ref:0 ;
in:443 out:443 type:B dur:2 cpbdur:2 q:35.40 aq:35.29 tex:20772 mv:16524 misc:4840 imb:86 pmb:1534 smb:6540 d:- ref:0 ;
in:442 out:444 type:b dur:2 cpbdur:2 q:35.40 aq:35.28 tex:8362 mv:7560 misc:2990 imb:33 pmb:786 smb:7341 d:- ref:0 ;
in:444 out:445 type:b dur:2 cpbdur:2 q:35.40 aq:37.37 tex:7532 mv:8439 misc:3269 imb:38 pmb:867 smb:7255 d:- ref:0 ;
in:449 out:446 type:P dur:2 cpbdur:2 q:35.40 aq:31.86 tex:138782 mv:28562 misc:6480 imb:553 pmb:3966 smb:3641 d:- ref:0 ;
in:447 out:447 type:B dur:2 cpbdur:2 q:35.40 aq:34.98 tex:22638 mv:17910 misc:4980 imb:109 pmb:1636 smb:6415 d:- ref:0 ;
in:446 out:448 type:b dur:2 cpbdur:2 q:35.40 aq:37.69 tex:7976 mv:8912 misc:3408 imb:45 pmb:882 smb:7233 d:- ref:0 ;
in:448 out:449 type:b dur:2 cpbdur:2 q:35.40 aq:36.20 tex:8809 mv:9758 misc:3537 imb:45 pmb:998 smb:7117 d:- ref:0 ;
in:453 out:450 type:P dur:2 cpbdur:2 q:35.40 aq:32.25 tex:123264 mv:30561 misc:7143 imb:749 pmb:3758 smb:3653 d:- ref:0 ;
in:451 out:451 type:B dur:2 cpbdur:2 q:35.40 aq:35.02 tex:31592 mv:20038 misc:5682 imb:114 pmb:2012 smb:6034 d:- ref:0 ;
in:450 out:452 type:b dur:2 cpbdur:2 q:35.40 aq:36.88 tex:5620 mv:7649 misc:3843 imb:29 pmb:967 smb:7164 d:- ref:0 ;
in:452 out:453 type:b dur:2 cpbdur:2 q:35.40 aq:37.44 tex:10961 mv:11156 misc:3659 imb:64 pmb:1087 smb:7009 d:- ref:0 ;
in:457 out:454 type:P dur:2 cpbdur:2 q:35.40 aq:34.81 tex:63339 mv:20961 misc:5772 imb:606 pmb:2057 smb:5497 d:- ref:0 ;
in:455 out:455 type:B dur:2 cpbdur:2 q:35.40 aq:35.44 tex:37969 mv:22829 misc:6034 imb:187 pmb:2246 smb:5727 d:- ref:0 ;
in:454 out:456 type:b dur:2 cpbdur:2 q:35.40 aq:38.60 tex:13435 mv:11161 misc:3644 imb:80 pmb:1049 smb:7031 d:- ref:0 ;
in:456 out:457 type:b dur:2 cpbdur:2 q:35.40 aq:38.13 tex:13971 mv:12894 misc:4287 imb:72 pmb:1258 smb:6830 d:- ref:0 ;
in:458 out:458 type:I dur:2 cpbdur:2 q:32.49 aq:27.30 tex:668449 mv:202074 misc:701 imb:8160 pmb:0 smb:0 d:- ref:;
in:459 out:459 type:P dur:2 cpbdur:2 q:35.40 aq:31.78 tex:113671 mv:29286 misc:5611 imb:285 pmb:3540 smb:4335 d:- ref:0 ;
in:460 out:460 type:P dur:2 cpbdur:2 q:35.40 aq:30.79 tex:132428 mv:33663 misc:5405 imb:371 pmb:3933 smb:3856 d:- ref:0 ;
in:461 out:461 type:P dur:2 cpbdur:2 q:35.40 aq:30.31 tex:106001 mv:31349 misc:5890 imb:427 pmb:3813 smb:3920 d:- ref:0 ;
in:462 out:462 type:P dur:2 cpbdur:2 q:35.40 aq:29.61 tex:99935 mv:31935 misc:6114 imb:409 pmb:3862 smb:3889 d:- ref:0 ;
in:463 out:463 type:P dur:2 cpbdur:2 q:35.40 aq:29.40 tex:188387 mv:35551 misc:5382 imb:509 pmb:4587 smb:3064 d:- ref:0 ;
in:466 out:464 type:P dur:2 cpbdur:2 q:35.40 aq:29.03 tex:227178 mv:41431 misc:4783 imb:748 pmb:4764 smb:2648 d:- ref:0 ;
in:464 out:465 type:B dur:2 cpbdur:2 q:35.40 aq:31.96 tex:16326 mv:19881 misc:5025 imb:73 pmb:1589 smb:6498 d:- ref:0 ;
in:465 out:466 type:b dur:2 cpbdur:2 q:35.40 aq:33.28 tex:6826 mv:12151 misc:3919 imb:13 pmb:1059 smb:7088 d:- ref:0 ;
in:470 out:467 type:P dur:2 cpbdur:2 q:35.40 aq:29.56 tex:196721 mv:37498 misc:5109 imb:592 pmb:4645 smb:2923 d:- ref:0 ;
in:468 out:468 type:B dur:2 cpbdur:2 q:35.40 aq:31.37 tex:19205 mv:20014 misc:5061 imb:60 pmb:1614 smb:6486 d:- ref:0 ;
in:467 out:469 type:b dur:2 cpbdur:2 q:35.40 aq:33.94 tex:6875 mv:9203 misc:3522 imb:7 pmb:906 smb:7247 d:- ref:0 ;
in:469 out:470 type:b dur:2 cpbdur:2 q:35.40 aq:32.64 tex:5077 mv:9337 misc:3410 imb:13 pmb:844 smb:7303 d:- ref:0 ;
in:474 out:471 type:P dur:2 cpbdur:2 q:35.40 aq:29.57 tex:137165 mv:36438 misc:5909 imb:745 pmb:3959 smb:3456 d:- ref:0 ;
in:472 out:472 type:B dur:2 cpbdur:2 q:35.40 aq:32.10 tex:25793 mv:18771 misc:5284 imb:35 pmb:1882 smb:6243 d:- ref:0 ;
in:471 out:473 type:b dur:2 cpbdur:2 q:35.40 aq:32.51 tex:5333 mv:8202 misc:3361 imb:7 pmb:834 smb:7319 d:- ref:0 ;
in:473 out:474 type:b dur:2 cpbdur:2 q:35.40 aq:32.47 tex:5846 mv:9696 misc:3698 imb:20 pmb:958 smb:7182 d:- ref:0 ;
in:478 out:475 type:P dur:2 cpbdur:2 q:35.40 aq:30.91 tex:94753 mv:31701 misc:6178 imb:499 pmb:3687 smb:3974 d:- ref:0 ;
in:476 out:476 type:B dur:2 cpbdur:2 q:35.40 aq:32.59 tex:44343 mv:21840 misc:6153 imb:49 pmb:2442 smb:5669 d:- ref:0 ;
in:475 out:477 type:b dur:2 cpbdur:2 q:35.40 aq:32.70 tex:9948 mv:9293 misc:3999 imb:11 pmb:1065 smb:7084 d:- ref:0 ;
in:477 out:478 type:b dur:2 cpbdur:2 q:35.40 aq:33.21 tex:6623 mv:9049 misc:3776 imb:3 pmb:1022 smb:7135 d:- ref:0 ;
in:481 out:479 type:P dur:2 cpbdur:2 q:35.40 aq:32.85 tex:56813 mv:26115 misc:6520 imb:1014 pmb:2185 smb:4961 d:- ref:0 ;
in:479 out:480 type:B dur:2 cpbdur:2 q:35.40 aq:32.49 tex:13987 mv:15032 misc:5005 imb:53 pmb:1527 smb:6580 d:- ref:0 ;
in:480 out:481 type:b dur:2 cpbdur:2 q:35.40 aq:34.20 tex:12804 mv:12700 misc:4640 imb:125 pmb:1176 smb:6859 d:- ref:0 ;
in:482 out:482 type:P dur:2 cpbdur:2 q:35.40 aq:33.30 tex:52832 mv:17941 misc:5947 imb:1245 pmb:1275 smb:5640 d:- ref:0 ;
in:483 out:483 type:P dur:2 cpbdur:2 q:35.40 aq:33.74 tex:124236 mv:25915 misc:5585 imb:2379 pmb:1318 smb:4463 d:- ref:0 ;
in:484 out:484 type:I dur:2 cpbdur:2 q:32.49 aq:30.78 tex:454624 mv:160920 misc:688 imb:8160 pmb:0 smb:0 d:- ref:;
in:486 out:485 type:P dur:2 cpbdur:2 q:35.40 aq:31.53 tex:232746 mv:41416 misc:4910 imb:3649 pmb:1939 smb:2572 d:- ref:0 ;
in:485 out:486 type:b dur:2 cpbdur:2 q:35.40 aq:34.09 tex:25674 mv:16567 misc:5263 imb:376 pmb:1497 smb:6287 d:- ref:0 ;
in:487 out:487 type:P dur:2 cpbdur:2 q:35.40 aq:30.79 tex:81298 mv:27736 misc:7022 imb:1147 pmb:2640 smb:4373 d:- ref:0 ;
in:488 out:488 type:P dur:2 cpbdur:2 q:35.40 aq:30.89 tex:72926 mv:28421 misc:6997 imb:1011 pmb:2841 smb:4308 d:- ref:0 ;
in:489 out:489 type:P dur:2 cpbdur:2 q:35.40 aq:30.68 tex:63209 mv:28255 misc:7136 imb:1030 pmb:2811 smb:4319 d:- ref:0 ;
in:490 out:490 type:P dur:2 cpbdur:2 q:35.40 aq:30.57 tex:49765 mv:28173 misc:6974 imb:990 pmb:2738 smb:4432 d:- ref:0 ;
in:491 out:491 type:P dur:2 cpbdur:2 q:35.40 aq:30.86 tex:44360 mv:28211 misc:7061 imb:788 pmb:2828 smb:4544 d:- ref:0 ;
in:492 out:492 type:P dur:2 cpbdur:2 q:35.40 aq:30.99 tex:54021 mv:31452 misc:6775 imb:940 pmb:3085 smb:4135 d:- ref:0 ;
in:493 out:493 type:P dur:2 cpbdur:2 q:35.40 aq:31.16 tex:61385 mv:34106 misc:6357 imb:1083 pmb:3345 smb:3732 d:- ref:0 ;
in:494 out:494 type:P dur:2 cpbdur:2 q:35.40 aq:30.87 tex:73312 mv:38588 misc:5900 imb:1193 pmb:3539 smb:3428 d:- ref:0 ;
in:495 out:495 type:P dur:2 cpbdur:2 q:35.40 aq:30.49 tex:102300 mv:41407 misc:5493 imb:1460 pmb:3568 smb:3132 d:- ref:0 ;
in:496 out:496 type:P dur:2 cpbdur:2 q:35.40 aq:30.23 tex:82993 mv:28891 misc:6228 imb:1349 pmb:2567 smb:4244 d:- ref:0 ;
in:497 out:497 type:P dur:2 cpbdur:2 q:35.40 aq:29.83 tex:81397 mv:25331 misc:5688 imb:1444 pmb:2027 smb:4689 d:- ref:0 ;
in:498 out:498 type:P dur:2 cpbdur:2 q:35.40 aq:29.23 tex:98073 mv:24003 misc:5412 imb:1279 pmb:2041 smb:4840 d:- ref:0 ;
in:501 out:499 type:P dur:2 cpbdur:2 q:35.40 aq:27.77 tex:154875 mv:32255 misc:6166 imb:1875 pmb:2396 smb:3889 d:- ref:0 ;
in:499 out:500 type:B dur:2 cpbdur:2 q:35.40 aq:30.78 tex:21142 mv:19307 misc:4151 imb:421 pmb:1427 smb:6312 d:- ref:0 ;
in:500 out:501 type:b dur:2 cpbdur:2 q:35.40 aq:30.38 tex:10639 mv:13215 misc:3810 imb:193 pmb:1218 smb:6749 d:- ref:0 ;
in:505 out:502 type:P dur:2 cpbdur:2 q:35.40 aq:27.67 tex:67302 mv:20291 misc:5679 imb:962 pmb:1861 smb:5337 d:- ref:0 ;
in:503 out:503 type:B dur:2 cpbdur:2 q:35.40 aq:29.86 tex:10361 mv:11156 misc:3891 imb:225 pmb:1051 smb:6884 d:- ref:0 ;
in:502 out:504 type:b dur:2 cpbdur:2 q:35.40 aq:28.80 tex:7293 mv:8423 misc:3428 imb:150 pmb:887 smb:7123 d:- ref:0 ;
in:504 out:505 type:b dur:2 cpbdur:2 q:35.40 aq:31.76 tex:1448 mv:4801 misc:2519 imb:75 pmb:551 smb:7534 d:- ref:0 ;
in:509 out:506 type:P dur:2 cpbdur:2 q:35.40 aq:27.98 tex:38059 mv:16276 misc:5857 imb:746 pmb:1599 smb:5815 d:- ref:0 ;
in:507 out:507 type:B dur:2 cpbdur:2 q:35.40 aq:30.71 tex:5703 mv:10021 misc:3956 imb:175 pmb:1004 smb:6981 d:- ref:0 ;
in:506 out:508 type:b dur:2 cpbdur:2 q:35.40 aq:30.64 tex:1383 mv:4237 misc:1980 imb:54 pmb:474 smb:7632 d:- ref:0 ;
in:508 out:509 type:b dur:2 cpbdur:2 q:35.40 aq:30.12 tex:2574 mv:6366 misc:2852 imb:103 pmb:619 smb:7438 d:- ref:0 ;
in:513 out:510 type:P dur:2 cpbdur:2 q:35.40 aq:29.19 tex:66871 mv:28781 misc:5004 imb:2041 pmb:1835 smb:4284 d:- ref:0 ;
in:511 out:511 type:B dur:2 cpbdur:2 q:35.40 aq:30.72 tex:16379 mv:16229 misc:5072 imb:274 pmb:1470 smb:6416 d:- ref:0 ;
in:510 out:512 type:b dur:2 cpbdur:2 q:35.40 aq:30.66 tex:5089 mv:8690 misc:3269 imb:171 pmb:789 smb:7200 d:- ref:0 ;
in:512 out:513 type:b dur:2 cpbdur:2 q:35.40 aq:30.24 tex:6779 mv:10387 misc:4098 imb:190 pmb:1050 smb:6920 d:- ref:0 ;
in:516 out:514 type:P dur:2 cpbdur:2 q:35.40 aq:29.26 tex:61043 mv:26702 misc:5159 imb:1631 pmb:1682 smb:4847 d:- ref:0 ;
in:514 out:515 type:B dur:2 cpbdur:2 q:35.40 aq:30.77 tex:12552 mv:14443 misc:4429 imb:259 pmb:1252 smb:6649 d:- ref:0 ;
in:515 out:516 type:b dur:2 cpbdur:2 q:35.40 aq:29.59 tex:8460 mv:12794 misc:3962 imb:216 pmb:1054 smb:6890 d:- ref:0 ;
in:517 out:517 type:P dur:2 cpbdur:2 q:35.40 aq:29.28 tex:35539 mv:18917 misc:5480 imb:1102 pmb:1520 smb:5538 d:- ref:0 ;
in:518 out:518 type:P dur:2 cpbdur:2 q:35.40 aq:28.67 tex:34324 mv:17391 misc:5253 imb:777 pmb:1423 smb:5960 d:- ref:0 ;
in:519 out:519 type:P dur:2 cpbdur:2 q:35.40 aq:28.02 tex:46809 mv:21156 misc:5371 imb:1135 pmb:1494 smb:5531 d:- ref:0 ;
in:521 out:520 type:P dur:2 cpbdur:2 q:35.40 aq:28.52 tex:83291 mv:25458 misc:4915 imb:2189 pmb:1147 smb:4824 d:- ref:0 ;
in:520 out:521 type:b dur:2 cpbdur:2 q:35.40 aq:29.03 tex:30352 mv:20356 misc:4580 imb:518 pmb:1486 smb:6156 d:- ref:0 ;
in:522 out:522 type:P dur:2 cpbdur:2 q:35.40 aq:27.54 tex:73567 mv:20357 misc:5068 imb:1608 pmb:1090 smb:5462 d:- ref:0 ;
in:524 out:523 type:P dur:2 cpbdur:2 q:35.40 aq:27.38 tex:93834 mv:30708 misc:5466 imb:2781 pmb:1337 smb:4042 d:- ref:0 ;
in:523 out:524 type:b dur:2 cpbdur:2 q:35.40 aq:28.53 tex:40118 mv:24079 misc:5611 imb:873 pmb:1504 smb:5783 d:- ref:0 ;
in:526 out:525 type:P dur:2 cpbdur:2 q:35.40 aq:25.30 tex:56464 mv:24416 misc:6256 imb:2284 pmb:1267 smb:4609 d:- ref:0 ;
in:525 out:526 type:b dur:2 cpbdur:2 q:35.40 aq:26.44 tex:10897 mv:10581 misc:3818 imb:360 pmb:925 smb:6875 d:- ref:0 ;
in:528 out:527 type:P dur:2 cpbdur:2 q:35.40 aq:25.32 tex:28969 mv:18539 misc:5700 imb:1165 pmb:1127 smb:5868 d:- ref:0 ;
in:527 out:528 type:b dur:2 cpbdur:2 q:35.40 aq:24.18 tex:7088 mv:8957 misc:2843 imb:224 pmb:707 smb:7229 d:- ref:0 ;
in:532 out:529 type:P dur:2 cpbdur:2 q:35.40 aq:25.13 tex:30662 mv:20983 misc:6139 imb:1334 pmb:1321 smb:5505 d:- ref:0 ;
in:530 out:530 type:B dur:2 cpbdur:2 q:35.40 aq:26.37 tex:12652 mv:10534 misc:3902 imb:238 pmb:981 smb:6941 d:- ref:0 ;
in:529 out:531 type:b dur:2 cpbdur:2 q:35.40 aq:25.00 tex:7402 mv:4932 misc:1970 imb:137 pmb:483 smb:7540 d:- ref:0 ;
in:531 out:532 type:b dur:2 cpbdur:2 q:35.40 aq:26.41 tex:1912 mv:3558 misc:1778 imb:34 pmb:425 smb:7701 d:- ref:0 ;
in:536 out:533 type:P dur:2 cpbdur:2 q:35.40 aq:25.94 tex:19915 mv:15711 misc:5590 imb:898 pmb:1036 smb:6226 d:- ref:0 ;
in:534 out:534 type:B dur:2 cpbdur:2 q:35.40 aq:26.14 tex:6671 mv:8188 misc:3829 imb:147 pmb:801 smb:7212 d:- ref:0 ;
in:533 out:535 type:b dur:2 cpbdur:2 q:35.40 aq:25.14 tex:1937 mv:3691 misc:2108 imb:29 pmb:383 smb:7748 d:- ref:0 ;
in:535 out:536 type:b dur:2 cpbdur:2 q:35.40 aq:27.48 tex:2866 mv:1786 misc:1540 imb:19 pmb:250 smb:7891 d:- ref:0 ;
in:540 out:537 type:P dur:2 cpbdur:2 q:35.40 aq:25.88 tex:52987 mv:31399 misc:5830 imb:3218 pmb:1215 smb:3727 d:- ref:0 ;
in:538 out:538 type:B dur:2 cpbdur:2 q:35.40 aq:25.36 tex:23493 mv:21752 misc:5931 imb:576 pmb:1677 smb:5907 d:- ref:0 ;
in:537 out:539 type:b dur:2 cpbdur:2 q:35.40 aq:24.86 tex:4672 mv:10558 misc:4730 imb:301 pmb:1075 smb:6784 d:- ref:0 ;
in:539 out:540 type:b dur:2 cpbdur:2 q:35.40 aq:25.87 tex:3141 mv:6639 misc:2932 imb:80 pmb:612 smb:7468 d:- ref:0 ;
in:543 out:541 type:P dur:2 cpbdur:2 q:35.40 aq:25.02 tex:23890 mv:17700 misc:6074 imb:1089 pmb:1089 smb:5982 d:- ref:0 ;
in:541 out:542 type:B dur:2 cpbdur:2 q:35.40 aq:24.20 tex:3703 mv:7100 misc:3181 imb:95 pmb:662 smb:7403 d:- ref:0 ;
in:542 out:543 type:b dur:2 cpbdur:2 q:35.40 aq:24.31 tex:2168 mv:4304 misc:2384 imb:43 pmb:496 smb:7621 d:- ref:0 ;
in:547 out:544 type:P dur:2 cpbdur:2 q:35.40 aq:26.67 tex:42134 mv:23256 misc:5538 imb:1905 pmb:1113 smb:5142 d:- ref:0 ;
in:545 out:545 type:B dur:2 cpbdur:2 q:35.40 aq:25.17 tex:9486 mv:12440 misc:4370 imb:198 pmb:1076 smb:6886 d:- ref:0 ;
in:544 out:546 type:b dur:2 cpbdur:2 q:35.40 aq:24.05 tex:2446 mv:4924 misc:2766 imb:56 pmb:593 smb:7511 d:- ref:0 ;
in:546 out:547 type:b dur:2 cpbdur:2 q:35.40 aq:23.91 tex:1277 mv:3054 misc:1917 imb:27 pmb:336 smb:7797 d:- ref:0 ;
in:548 out:548 type:P dur:2 cpbdur:2 q:35.40 aq:27.37 tex:7755 mv:7492 misc:3881 imb:312 pmb:650 smb:7198 d:- ref:0 ;
in:551 out:549 type:P dur:2 cpbdur:2 q:35.40 aq:29.57 tex:202584 mv:44366 misc:650 imb:7711 pmb:449 smb:0 d:- ref:0 ;
in:549 out:550 type:B dur:2 cpbdur:2 q:35.40 aq:27.00 tex:10927 mv:11995 misc:4422 imb:347 pmb:847 smb:6966 d:- ref:0 ;
in:550 out:551 type:b dur:2 cpbdur:2 q:35.40 aq:32.72 tex:11185 mv:14075 misc:4140 imb:310 pmb:966 smb:6884 d:- ref:0 ;
in:552 out:552 type:P dur:2 cpbdur:2 q:35.40 aq:29.20 tex:28533 mv:19331 misc:5136 imb:593 pmb:1524 smb:6043 d:- ref:0 ;
in:556 out:553 type:P dur:2 cpbdur:2 q:35.40 aq:29.23 tex:130195 mv:36863 misc:4638 imb:3131 pmb:1452 smb:3577 d:- ref:0 ;
in:554 out:554 type:B dur:2 cpbdur:2 q:35.40 aq:29.28 tex:17689 mv:25136 misc:5439 imb:438 pmb:1715 smb:6007 d:- ref:0 ;
in:553 out:555 type:b dur:2 cpbdur:2 q:35.40 aq:32.03 tex:7685 mv:14179 misc:4264 imb:133 pmb:1269 smb:6758 d:- ref:0 ;
in:555 out:556 type:b dur:2 cpbdur:2 q:35.40 aq:30.61 tex:5606 mv:15248 misc:4330 imb:193 pmb:1164 smb:6803 d:- ref:0 ;
in:557 out:557 type:P dur:2 cpbdur:2 q:35.40 aq:29.02 tex:35351 mv:24966 misc:6099 imb:929 pmb:1791 smb:5440 d:- ref:0 ;
in:561 out:558 type:P dur:2 cpbdur:2 q:35.40 aq:28.64 tex:87783 mv:35301 misc:5620 imb:2366 pmb:1735 smb:4059 d:- ref:0 ;
in:559 out:559 type:B dur:2 cpbdur:2 q:35.40 aq:29.65 tex:14351 mv:22592 misc:5593 imb:339 pmb:1696 smb:6125 d:- ref:0 ;
in:558 out:560 type:b dur:2 cpbdur:2 q:35.40 aq:29.97 tex:4657 mv:10843 misc:3724 imb:103 pmb:960 smb:7097 d:- ref:0 ;
in:560 out:561 type:b dur:2 cpbdur:2 q:35.40 aq:31.24 tex:4433 mv:10084 misc:3587 imb:105 pmb:846 smb:7209 d:- ref:0 ;
in:562 out:562 type:P dur:2 cpbdur:2 q:35.40 aq:29.03 tex:20969 mv:19541 misc:5570 imb:647 pmb:1543 smb:5970 d:- ref:0 ;
in:563 out:563 type:P dur:2 cpbdur:2 q:35.40 aq:28.55 tex:22677 mv:22955 misc:6312 imb:863 pmb:1696 smb:5601 d:- ref:0 ;
in:564 out:564 type:P dur:2 cpbdur:2 q:35.40 aq:28.36 tex:30906 mv:25653 misc:6345 imb:1074 pmb:1808 smb:5278 d:- ref:0 ;
in:567 out:565 type:P dur:2 cpbdur:2 q:35.40 aq:28.27 tex:39456 mv:31127 misc:6265 imb:1618 pmb:1880 smb:4662 d:- ref:0 ;
in:565 out:566 type:B dur:2 cpbdur:2 q:35.40 aq:29.02 tex:8931 mv:15603 misc:4970 imb:232 pmb:1252 smb:6676 d:- ref:0 ;
in:566 out:567 type:b dur:2 cpbdur:2 q:35.40 aq:29.40 tex:2996 mv:9587 misc:3857 imb:86 pmb:903 smb:7171 d:- ref:0 ;
in:571 out:568 type:P dur:2 cpbdur:2 q:35.40 aq:29.53 tex:46961 mv:31251 misc:6148 imb:2025 pmb:1652 smb:4483 d:- ref:0 ;
in:569 out:569 type:B dur:2 cpbdur:2 q:35.40 aq:29.06 tex:9776 mv:19849 misc:5743 imb:351 pmb:1518 smb:6291 d:- ref:0 ;
in:568 out:570 type:b dur:2 cpbdur:2 q:35.40 aq:30.24 tex:5218 mv:9758 misc:3488 imb:117 pmb:819 smb:7224 d:- ref:0 ;
in:570 out:571 type:b dur:2 cpbdur:2 q:35.40 aq:30.01 tex:6018 mv:12844 misc:4026 imb:161 pmb:1041 smb:6958 d:- ref:0 ;
in:574 out:572 type:P dur:2 cpbdur:2 q:35.40 aq:30.83 tex:51220 mv:34942 misc:5326 imb:2625 pmb:1526 smb:4009 d:- ref:0 ;
in:572 out:573 type:B dur:2 cpbdur:2 q:35.40 aq:30.10 tex:12866 mv:20762 misc:5292 imb:475 pmb:1403 smb:6282 d:- ref:0 ;
in:573 out:574 type:b dur:2 cpbdur:2 q:35.40 aq:30.93 tex:13332 mv:19194 misc:4962 imb:341 pmb:1411 smb:6408 d:- ref:0 ;
in:575 out:575 type:I dur:2 cpbdur:2 q:32.49 aq:25.85 tex:265504 mv:73445 misc:691 imb:8160 pmb:0 smb:0 d:- ref:;
in:576 out:576 type:P dur:2 cpbdur:2 q:35.40 aq:26.27 tex:19115 mv:20015 misc:4974 imb:918 pmb:1513 smb:5729 d:- ref:0 ;
in:577 out:577 type:P dur:2 cpbdur:2 q:35.40 aq:26.60 tex:22631 mv:22229 misc:5220 imb:990 pmb:1667 smb:5503 d:- ref:0 ;
in:579 out:578 type:P dur:2 cpbdur:2 q:35.40 aq:28.72 tex:62611 mv:33706 misc:4819 imb:2295 pmb:1901 smb:3964 d:- ref:0 ;
in:578 out:579 type:b dur:2 cpbdur:2 q:35.40 aq:26.27 tex:7863 mv:20891 misc:5062 imb:371 pmb:1660 smb:6129 d:- ref:0 ;
in:580 out:580 type:P dur:2 cpbdur:2 q:35.40 aq:27.97 tex:49857 mv:29431 misc:5400 imb:1663 pmb:1933 smb:4564 d:- ref:0 ;
in:581 out:581 type:P dur:2 cpbdur:2 q:35.40 aq:28.50 tex:33210 mv:24797 misc:5409 imb:1179 pmb:1795 smb:5186 d:- ref:0 ;
in:582 out:582 type:P dur:2 cpbdur:2 q:35.40 aq:28.35 tex:36325 mv:26379 misc:5816 imb:1410 pmb:1844 smb:4906 d:- ref:0 ;
in:584 out:583 type:P dur:2 cpbdur:2 q:35.40 aq:28.59 tex:80045 mv:37267 misc:5280 imb:2728 pmb:1961 smb:3471 d:- ref:0 ;
in:583 out:584 type:b dur:2 cpbdur:2 q:35.40 aq:28.43 tex:8857 mv:23185 misc:5406 imb:480 pmb:1732 smb:5948 d:- ref:0 ;
in:585 out:585 type:P dur:2 cpbdur:2 q:35.40 aq:28.21 tex:56291 mv:32959 misc:5534 imb:1847 pmb:2028 smb:4285 d:- ref:0 ;
in:587 out:586 type:P dur:2 cpbdur:2 q:35.40 aq:28.72 tex:56035 mv:34717 misc:5344 imb:1981 pmb:2025 smb:4154 d:- ref:0 ;
in:586 out:587 type:b dur:2 cpbdur:2 q:35.40 aq:28.33 tex:6284 mv:19534 misc:4718 imb:348 pmb:1392 smb:6420 d:- ref:0 ;
in:589 out:588 type:P dur:2 cpbdur:2 q:35.40 aq:28.60 tex:68212 mv:38137 misc:5235 imb:2432 pmb:1976 smb:3752 d:- ref:0 ;
in:588 out:589 type:b dur:2 cpbdur:2 q:35.40 aq:28.14 tex:7604 mv:22833 misc:5435 imb:419 pmb:1693 smb:6048 d:- ref:0 ;
in:590 out:590 type:P dur:2 cpbdur:2 q:35.40 aq:28.37 tex:52636 mv:33761 misc:5723 imb:1853 pmb:2039 smb:4268 d:- ref:0 ;
in:591 out:591 type:P dur:2 cpbdur:2 q:35.40 aq:28.73 tex:39955 mv:28631 misc:5862 imb:1343 pmb:1954 smb:4863 d:- ref:0 ;
in:592 out:592 type:P dur:2 cpbdur:2 q:35.40 aq:28.88 tex:44467 mv:29506 misc:6011 imb:1552 pmb:1952 smb:4656 d:- ref:0 ;
in:594 out:593 type:P dur:2 cpbdur:2 q:35.40 aq:28.79 tex:85491 mv:40776 misc:5253 imb:2732 pmb:2077 smb:3351 d:- ref:0 ;
in:593 out:594 type:b dur:2 cpbdur:2 q:35.40 aq:29.18 tex:9176 mv:22010 misc:5318 imb:339 pmb:1695 smb:6126 d:- ref:0 ;
in:595 out:595 type:P dur:2 cpbdur:2 q:35.40 aq:28.86 tex:66183 mv:35742 misc:5899 imb:1738 pmb:2265 smb:4157 d:- ref:0 ;
in:597 out:596 type:P dur:2 cpbdur:2 q:35.40 aq:28.96 tex:73580 mv:35673 misc:5547 imb:1825 pmb:2117 smb:4218 d:- ref:0 ;
in:596 out:597 type:b dur:2 cpbdur:2 q:35.40 aq:28.45 tex:7642 mv:18921 misc:4805 imb:234 pmb:1509 smb:6417 d:- ref:0 ;
in:599 out:598 type:P dur:2 cpbdur:2 q:35.40 aq:29.02 tex:90485 mv:40125 misc:5246 imb:2607 pmb:2150 smb:3403 d:- ref:0 ;
in:598 out:599 type:b dur:2 cpbdur:2 q:35.40 aq:29.85 tex:8401 mv:23627 misc:5724 imb:371 pmb:1835 smb:5954 d:- ref:0 ;
in:600 out:600 type:P dur:2 cpbdur:2 q:35.40 aq:28.75 tex:61982 mv:36577 misc:6185 imb:2095 pmb:2291 smb:3774 d:- ref:0 ;
in:602 out:601 type:P dur:2 cpbdur:2 q:35.40 aq:29.35 tex:53786 mv:35430 misc:5616 imb:1793 pmb:2264 smb:4103 d:- ref:0 ;
in:601 out:602 type:b dur:2 cpbdur:2 q:35.40 aq:28.75 tex:6006 mv:17630 misc:4692 imb:221 pmb:1402 smb:6537 d:- ref:0 ;
in:603 out:603 type:P dur:2 cpbdur:2 q:35.40 aq:28.84 tex:47800 mv:33939 misc:5709 imb:1623 pmb:2265 smb:4272 d:- ref:0 ;
in:605 out:604 type:P dur:2 cpbdur:2 q:35.40 aq:28.73 tex:66446 mv:39843 misc:5455 imb:2550 pmb:2185 smb:3425 d:- ref:0 ;
in:604 out:605 type:b dur:2 cpbdur:2 q:35.40 aq:30.53 tex:8369 mv:20365 misc:5074 imb:321 pmb:1555 smb:6284 d:- ref:0 ;
in:606 out:606 type:P dur:2 cpbdur:2 q:35.40 aq:29.27 tex:26581 mv:23760 misc:5843 imb:822 pmb:1851 smb:5487 d:- ref:0 ;
in:607 out:607 type:P dur:2 cpbdur:2 q:35.40 aq:29.06 tex:28279 mv:25281 misc:6216 imb:1137 pmb:1891 smb:5132 d:- ref:0 ;
in:608 out:608 type:P dur:2 cpbdur:2 q:35.40 aq:29.20 tex:45747 mv:32437 misc:6096 imb:1623 pmb:2152 smb:4385 d:- ref:0 ;
in:611 out:609 type:P dur:2 cpbdur:2 q:35.40 aq:29.45 tex:64330 mv:42776 misc:5678 imb:2626 pmb:2300 smb:3234 d:- ref:0 ;
in:609 out:610 type:B dur:2 cpbdur:2 q:35.40 aq:29.10 tex:6969 mv:20954 misc:5357 imb:356 pmb:1515 smb:6289 d:- ref:0 ;
in:610 out:611 type:b dur:2 cpbdur:2 q:35.40 aq:29.77 tex:5347 mv:17851 misc:5202 imb:309 pmb:1445 smb:6406 d:- ref:0 ;
in:612 out:612 type:P dur:2 cpbdur:2 q:35.40 aq:29.56 tex:27956 mv:25833 misc:6275 imb:969 pmb:2000 smb:5191 d:- ref:0 ;
in:613 out:613 type:P dur:2 cpbdur:2 q:35.40 aq:29.07 tex:36757 mv:30975 misc:6228 imb:1414 pmb:2137 smb:4609 d:- ref:0 ;
in:615 out:614 type:P dur:2 cpbdur:2 q:35.40 aq:29.54 tex:55749 mv:40879 misc:5796 imb:2098 pmb:2470 smb:3592 d:- ref:0 ;
in:614 out:615 type:b dur:2 cpbdur:2 q:35.40 aq:29.72 tex:4585 mv:16444 misc:4803 imb:252 pmb:1242 smb:6666 d:- ref:0 ;
in:616 out:616 type:P dur:2 cpbdur:2 q:35.40 aq:29.64 tex:27007 mv:25797 misc:6196 imb:921 pmb:1975 smb:5264 d:- ref:0 ;
in:617 out:617 type:P dur:2 cpbdur:2 q:35.40 aq:29.43 tex:26561 mv:26990 misc:6585 imb:1101 pmb:1995 smb:5064 d:- ref:0 ;
in:618 out:618 type:P dur:2 cpbdur:2 q:35.40 aq:29.17 tex:42632 mv:35211 misc:6653 imb:1628 pmb:2388 smb:4144 d:- ref:0 ;
in:619 out:619 type:P dur:2 cpbdur:2 q:35.40 aq:29.59 tex:30326 mv:28479 misc:6827 imb:1203 pmb:2122 smb:4835 d:- ref:0 ;
in:620 out:620 type:P dur:2 cpbdur:2 q:35.40 aq:29.41 tex:51187 mv:35583 misc:6750 imb:1677 pmb:2497 smb:3986 d:- ref:0 ;
in:622 out:621 type:P dur:2 cpbdur:2 q:35.40 aq:29.83 tex:40345 mv:32879 misc:6512 imb:1358 pmb:2321 smb:4481 d:- ref:0 ;
in:621 out:622 type:b dur:2 cpbdur:2 q:35.40 aq:28.83 tex:4333 mv:15231 misc:4772 imb:244 pmb:1250 smb:6666 d:- ref:0 ;
in:623 out:623 type:P dur:2 cpbdur:2 q:35.40 aq:29.45 tex:39077 mv:30682 misc:6833 imb:1494 pmb:2243 smb:4423 d:- ref:0 ;
in:624 out:624 type:P dur:2 cpbdur:2 q:35.40 aq:29.48 tex:31557 mv:26900 misc:6599 imb:1186 pmb:2081 smb:4893 d:- ref:0 ;
in:625 out:625 type:P dur:2 cpbdur:2 q:35.40 aq:29.70 tex:46945 mv:33805 misc:6618 imb:1913 pmb:2364 smb:3883 d:- ref:0 ;
in:626 out:626 type:P dur:2 cpbdur:2 q:35.40 aq:28.94 tex:27705 mv:23964 misc:6507 imb:1090 pmb:1880 smb:5190 d:- ref:0 ;
in:627 out:627 type:P dur:2 cpbdur:2 q:35.40 aq:29.66 tex:50670 mv:26146 misc:6528 imb:1400 pmb:1994 smb:4766 d:- ref:0 ;
in:628 out:628 type:P dur:2 cpbdur:2 q:35.40 aq:29.65 tex:56776 mv:30182 misc:6250 imb:1835 pmb:2284 smb:4041 d:- ref:0 ;
in:629 out:629 type:P dur:2 cpbdur:2 q:35.40 aq:29.75 tex:46265 mv:25669 misc:6290 imb:1613 pmb:2133 smb:4414 d:- ref:0 ;
in:630 out:630 type:P dur:2 cpbdur:2 q:35.40 aq:29.46 tex:86357 mv:31498 misc:5761 imb:2219 pmb:2173 smb:3768 d:- ref:0 ;
in:631 out:631 type:P dur:2 cpbdur:2 q:35.40 aq:29.89 tex:54423 mv:25180 misc:5973 imb:1382 pmb:2101 smb:4677 d:- ref:0 ;
in:632 out:632 type:P dur:2 cpbdur:2 q:35.40 aq:29.86 tex:50588 mv:27318 misc:6006 imb:1761 pmb:2121 smb:4278 d:- ref:0 ;
in:633 out:633 type:P dur:2 cpbdur:2 q:35.40 aq:29.46 tex:68896 mv:32235 misc:6005 imb:1875 pmb:2363 smb:3922 d:- ref:0 ;
in:634 out:634 type:P dur:2 cpbdur:2 q:35.40 aq:29.38 tex:51318 mv:28687 misc:6291 imb:1337 pmb:2250 smb:4573 d:- ref:0 ;
in:636 out:635 type:P dur:2 cpbdur:2 q:35.40 aq:29.58 tex:198742 mv:40894 misc:3852 imb:4334 pmb:1291 smb:2535 d:- ref:0 ;
in:635 out:636 type:b dur:2 cpbdur:2 q:35.40 aq:32.28 tex:9241 mv:19403 misc:4948 imb:345 pmb:1416 smb:6399 d:- ref:0 ;
in:637 out:637 type:P dur:2 cpbdur:2 q:35.40 aq:29.58 tex:38754 mv:25470 misc:6256 imb:1027 pmb:1989 smb:5144 d:- ref:0 ;
in:638 out:638 type:P dur:2 cpbdur:2 q:35.40 aq:29.39 tex:48075 mv:30753 misc:6436 imb:1344 pmb:2257 smb:4559 d:- ref:0 ;
in:639 out:639 type:P dur:2 cpbdur:2 q:35.40 aq:28.85 tex:40037 mv:27532 misc:6471 imb:1167 pmb:2183 smb:4810 d:- ref:0 ;
in:640 out:640 type:P dur:2 cpbdur:2 q:35.40 aq:28.80 tex:47486 mv:29794 misc:6360 imb:1237 pmb:2289 smb:4634 d:- ref:0 ;
in:643 out:641 type:P dur:2 cpbdur:2 q:35.40 aq:29.17 tex:128363 mv:39317 misc:4536 imb:3066 pmb:1937 smb:3157 d:- ref:0 ;
in:641 out:642 type:B dur:2 cpbdur:2 q:35.40 aq:31.04 tex:11688 mv:23361 misc:5543 imb:336 pmb:1805 smb:6019 d:- ref:0 ;
in:642 out:643 type:b dur:2 cpbdur:2 q:35.40 aq:32.43 tex:7392 mv:18890 misc:4966 imb:252 pmb:1585 smb:6323 d:- ref:0 ;
in:645 out:644 type:P dur:2 cpbdur:2 q:35.40 aq:29.04 tex:78741 mv:36807 misc:5572 imb:1736 pmb:2419 smb:4005 d:- ref:0 ;
in:644 out:645 type:b dur:2 cpbdur:2 q:35.40 aq:32.39 tex:8345 mv:18634 misc:4933 imb:257 pmb:1565 smb:6338 d:- ref:0 ;
in:647 out:646 type:P dur:2 cpbdur:2 q:35.40 aq:29.31 tex:68016 mv:35872 misc:5856 imb:1808 pmb:2315 smb:4037 d:- ref:0 ;
in:646 out:647 type:b dur:2 cpbdur:2 q:35.40 aq:32.64 tex:8848 mv:19596 misc:5212 imb:295 pmb:1599 smb:6266 d:- ref:0 ;
in:649 out:648 type:P dur:2 cpbdur:2 q:35.40 aq:29.67 tex:78094 mv:35499 misc:5447 imb:1619 pmb:2358 smb:4183 d:- ref:0 ;
in:648 out:649 type:b dur:2 cpbdur:2 q:35.40 aq:31.35 tex:9190 mv:22209 misc:5425 imb:353 pmb:1778 smb:6029 d:- ref:0 ;
in:650 out:650 type:P dur:2 cpbdur:2 q:35.40 aq:29.27 tex:59150 mv:30612 misc:6302 imb:1327 pmb:2292 smb:4541 d:- ref:0 ;
in:651 out:651 type:P dur:2 cpbdur:2 q:35.40 aq:30.13 tex:46148 mv:25356 misc:6120 imb:846 pmb:2158 smb:5156 d:- ref:0 ;
in:652 out:652 type:P dur:2 cpbdur:2 q:35.40 aq:29.48 tex:51030 mv:26854 misc:6132 imb:993 pmb:2178 smb:4989 d:- ref:0 ;
in:653 out:653 type:P dur:2 cpbdur:2 q:35.40 aq:30.15 tex:49734 mv:27677 misc:6213 imb:997 pmb:2252 smb:4911 d:- ref:0 ;
in:654 out:654 type:P dur:2 cpbdur:2 q:35.40 aq:30.65 tex:48027 mv:27247 misc:6070 imb:1055 pmb:2184 smb:4921 d:- ref:0 ;
in:655 out:655 type:P dur:2 cpbdur:2 q:35.40 aq:30.59 tex:53416 mv:28077 misc:5955 imb:1057 pmb:2201 smb:4902 d:- ref:0 ;
in:656 out:656 type:P dur:2 cpbdur:2 q:35.40 aq:30.81 tex:55372 mv:27791 misc:5677 imb:1032 pmb:2183 smb:4945 d:- ref:0 ;
in:657 out:657 type:P dur:2 cpbdur:2 q:35.40 aq:30.84 tex:71322 mv:30829 misc:5553 imb:1272 pmb:2292 smb:4596 d:- ref:0 ;
in:658 out:658 type:P dur:2 cpbdur:2 q:35.40 aq:31.09 tex:99363 mv:31890 misc:5315 imb:1514 pmb:2190 smb:4456 d:- ref:0 ;
in:659 out:659 type:P dur:2 cpbdur:2 q:35.40 aq:31.27 tex:60409 mv:22450 misc:5733 imb:995 pmb:1886 smb:5279 d:- ref:0 ;
in:660 out:660 type:P dur:2 cpbdur:2 q:35.40 aq:31.35 tex:67884 mv:33142 misc:5526 imb:1165 pmb:2854 smb:4141 d:- ref:0 ;
in:661 out:661 type:P dur:2 cpbdur:2 q:35.40 aq:30.81 tex:103872 mv:37185 misc:5063 imb:1241 pmb:3048 smb:3871 d:- ref:0 ;
in:662 out:662 type:P dur:2 cpbdur:2 q:35.40 aq:30.88 tex:82812 mv:35399 misc:5325 imb:1024 pmb:3177 smb:3959 d:- ref:0 ;
in:663 out:663 type:P dur:2 cpbdur:2 q:35.40 aq:30.70 tex:77095 mv:35003 misc:5550 imb:929 pmb:3349 smb:3882 d:- ref:0 ;
in:664 out:664 type:P dur:2 cpbdur:2 q:35.40 aq:30.12 tex:67762 mv:31227 misc:5571 imb:835 pmb:3232 smb:4093 d:- ref:0 ;
in:666 out:665 type:P dur:2 cpbdur:2 q:35.40 aq:30.12 tex:92001 mv:38240 misc:5287 imb:1102 pmb:3446 smb:3612 d:- ref:0 ;
in:665 out:666 type:b dur:2 cpbdur:2 q:35.40 aq:34.81 tex:5767 mv:18857 misc:5008 imb:190 pmb:1621 smb:6349 d:- ref:0 ;
in:667 out:667 type:P dur:2 cpbdur:2 q:35.40 aq:30.29 tex:66804 mv:29618 misc:6002 imb:776 pmb:3212 smb:4172 d:- ref:0 ;
in:670 out:668 type:P dur:2 cpbdur:2 q:35.40 aq:29.70 tex:108137 mv:41936 misc:4783 imb:1441 pmb:3521 smb:3198 d:- ref:0 ;
in:668 out:669 type:B dur:2 cpbdur:2 q:35.40 aq:33.96 tex:9532 mv:22086 misc:5598 imb:242 pmb:1865 smb:6053 d:- ref:0 ;
in:669 out:670 type:b dur:2 cpbdur:2 q:35.40 aq:35.48 tex:5672 mv:15412 misc:4836 imb:162 pmb:1399 smb:6599 d:- ref:0 ;
in:674 out:671 type:P dur:2 cpbdur:2 q:35.40 aq:30.02 tex:136283 mv:42946 misc:4923 imb:1555 pmb:3361 smb:3244 d:- ref:0 ;
in:672 out:672 type:B dur:2 cpbdur:2 q:35.40 aq:33.28 tex:19397 mv:26023 misc:5836 imb:305 pmb:2118 smb:5737 d:- ref:0 ;
in:671 out:673 type:b dur:2 cpbdur:2 q:35.40 aq:34.73 tex:5754 mv:14437 misc:4457 imb:128 pmb:1295 smb:6737 d:- ref:0 ;
in:673 out:674 type:b dur:2 cpbdur:2 q:35.40 aq:34.95 tex:7571 mv:14179 misc:4226 imb:149 pmb:1241 smb:6770 d:- ref:0 ;
in:678 out:675 type:P dur:2 cpbdur:2 q:35.40 aq:29.29 tex:122329 mv:41427 misc:5412 imb:1438 pmb:3476 smb:3246 d:- ref:0 ;
in:676 out:676 type:B dur:2 cpbdur:2 q:35.40 aq:31.76 tex:19250 mv:24050 misc:5916 imb:356 pmb:1959 smb:5845 d:- ref:0 ;
in:675 out:677 type:b dur:2 cpbdur:2 q:35.40 aq:33.85 tex:7930 mv:13902 misc:4144 imb:143 pmb:1175 smb:6842 d:- ref:0 ;
in:677 out:678 type:b dur:2 cpbdur:2 q:35.40 aq:35.22 tex:7191 mv:13563 misc:4134 imb:155 pmb:1172 smb:6833 d:- ref:0 ;
in:682 out:679 type:P dur:2 cpbdur:2 q:35.40 aq:29.42 tex:107367 mv:38414 misc:5739 imb:1185 pmb:3393 smb:3582 d:- ref:0 ;
in:680 out:680 type:B dur:2 cpbdur:2 q:35.40 aq:32.67 tex:14452 mv:20614 misc:5462 imb:261 pmb:1702 smb:6197 d:- ref:0 ;
in:679 out:681 type:b dur:2 cpbdur:2 q:35.40 aq:35.12 tex:5777 mv:12310 misc:3737 imb:141 pmb:1028 smb:6991 d:- ref:0 ;
in:681 out:682 type:b dur:2 cpbdur:2 q:35.40 aq:34.90 tex:4856 mv:10844 misc:3548 imb:106 pmb:957 smb:7097 d:- ref:0 ;
in:686 out:683 type:P dur:2 cpbdur:2 q:35.40 aq:30.35 tex:97132 mv:32628 misc:5600 imb:1115 pmb:2921 smb:4124 d:- ref:0 ;
in:684 out:684 type:B dur:2 cpbdur:2 q:35.40 aq:32.39 tex:15954 mv:17885 misc:4897 imb:262 pmb:1534 smb:6364 d:- ref:0 ;
in:683 out:685 type:b dur:2 cpbdur:2 q:35.40 aq:34.40 tex:7276 mv:11533 misc:3583 imb:147 pmb:967 smb:7046 d:- ref:0 ;
in:685 out:686 type:b dur:2 cpbdur:2 q:35.40 aq:34.80 tex:5399 mv:10782 misc:3707 imb:145 pmb:1020 smb:6995 d:- ref:0 ;
in:689 out:687 type:P dur:2 cpbdur:2 q:35.40 aq:30.45 tex:79259 mv:28693 misc:5808 imb:1129 pmb:2744 smb:4287 d:- ref:0 ;
in:687 out:688 type:B dur:2 cpbdur:2 q:35.40 aq:33.92 tex:5848 mv:9327 misc:3249 imb:172 pmb:885 smb:7103 d:- ref:0 ;
in:688 out:689 type:b dur:2 cpbdur:2 q:35.40 aq:35.01 tex:5644 mv:7262 misc:2438 imb:108 pmb:726 smb:7326 d:- ref:0 ;
in:691 out:690 type:P dur:2 cpbdur:2 q:35.40 aq:29.63 tex:79964 mv:26491 misc:6193 imb:1223 pmb:2689 smb:4248 d:- ref:0 ;
in:690 out:691 type:b dur:2 cpbdur:2 q:35.40 aq:34.04 tex:6007 mv:7777 misc:2776 imb:139 pmb:792 smb:7229 d:- ref:0 ;
in:692 out:692 type:P dur:2 cpbdur:2 q:35.40 aq:29.23 tex:56313 mv:20425 misc:6470 imb:974 pmb:2351 smb:4835 d:- ref:0 ;
in:693 out:693 type:P dur:2 cpbdur:2 q:35.40 aq:29.67 tex:54975 mv:22283 misc:6694 imb:932 pmb:2570 smb:4658 d:- ref:0 ;
in:694 out:694 type:P dur:2 cpbdur:2 q:35.40 aq:29.02 tex:65386 mv:24387 misc:6603 imb:903 pmb:2963 smb:4294 d:- ref:0 ;
in:696 out:695 type:P dur:2 cpbdur:2 q:35.40 aq:29.38 tex:93544 mv:27646 misc:6690 imb:1186 pmb:3087 smb:3887 d:- ref:0 ;
in:695 out:696 type:b dur:2 cpbdur:2 q:35.40 aq:32.13 tex:4553 mv:7524 misc:2747 imb:157 pmb:712 smb:7291 d:- ref:0 ;
in:700 out:697 type:P dur:2 cpbdur:2 q:35.40 aq:28.22 tex:112094 mv:32673 misc:6841 imb:1517 pmb:3236 smb:3407 d:- ref:0 ;
in:698 out:698 type:B dur:2 cpbdur:2 q:35.40 aq:31.14 tex:9944 mv:9525 misc:3579 imb:290 pmb:853 smb:7017 d:- ref:0 ;
in:697 out:699 type:b dur:2 cpbdur:2 q:35.40 aq:31.33 tex:4414 mv:6281 misc:2585 imb:128 pmb:649 smb:7383 d:- ref:0 ;
in:699 out:700 type:b dur:2 cpbdur:2 q:35.40 aq:33.41 tex:2735 mv:6025 misc:2616 imb:154 pmb:713 smb:7293 d:- ref:0 ;
in:704 out:701 type:P dur:2 cpbdur:2 q:35.40 aq:28.68 tex:74814 mv:28329 misc:6777 imb:798 pmb:3062 smb:4300 d:- ref:0 ;
in:702 out:702 type:B dur:2 cpbdur:2 q:35.40 aq:31.71 tex:7791 mv:10208 misc:3625 imb:172 pmb:977 smb:7011 d:- ref:0 ;
in:701 out:703 type:b dur:2 cpbdur:2 q:35.40 aq:33.16 tex:2760 mv:5752 misc:2336 imb:116 pmb:533 smb:7511 d:- ref:0 ;
in:703 out:704 type:b dur:2 cpbdur:2 q:35.40 aq:34.69 tex:3793 mv:5083 misc:1876 imb:77 pmb:422 smb:7661 d:- ref:0 ;
in:708 out:705 type:P dur:2 cpbdur:2 q:35.40 aq:28.91 tex:134774 mv:30700 misc:6886 imb:889 pmb:3154 smb:4117 d:- ref:0 ;
in:706 out:706 type:B dur:2 cpbdur:2 q:35.40 aq:33.55 tex:15172 mv:13040 misc:3484 imb:82 pmb:1131 smb:6947 d:- ref:0 ;
in:705 out:707 type:b dur:2 cpbdur:2 q:35.40 aq:31.03 tex:5151 mv:4303 misc:1482 imb:23 pmb:423 smb:7714 d:- ref:0 ;
in:707 out:708 type:b dur:2 cpbdur:2 q:35.40 aq:35.10 tex:5382 mv:6336 misc:2274 imb:16 pmb:556 smb:7588 d:- ref:0 ;
in:712 out:709 type:P dur:2 cpbdur:2 q:35.40 aq:29.47 tex:96685 mv:28342 misc:6957 imb:544 pmb:3166 smb:4450 d:- ref:0 ;
in:710 out:710 type:B dur:2 cpbdur:2 q:35.40 aq:32.42 tex:7092 mv:9869 misc:3575 imb:30 pmb:986 smb:7144 d:- ref:0 ;
in:709 out:711 type:b dur:2 cpbdur:2 q:35.40 aq:33.99 tex:4713 mv:6340 misc:2107 imb:32 pmb:512 smb:7616 d:- ref:0 ;
in:711 out:712 type:b dur:2 cpbdur:2 q:35.40 aq:34.34 tex:1391 mv:2464 misc:1265 imb:3 pmb:244 smb:7913 d:- ref:0 ;
in:716 out:713 type:P dur:2 cpbdur:2 q:35.40 aq:29.36 tex:82258 mv:29690 misc:6612 imb:590 pmb:3158 smb:4412 d:- ref:0 ;
in:714 out:714 type:B dur:2 cpbdur:2 q:35.40 aq:33.29 tex:7709 mv:9624 misc:3051 imb:49 pmb:816 smb:7295 d:- ref:0 ;
in:713 out:715 type:b dur:2 cpbdur:2 q:35.40 aq:35.12 tex:1855 mv:3527 misc:1330 imb:14 pmb:278 smb:7868 d:- ref:0 ;
in:715 out:716 type:b dur:2 cpbdur:2 q:35.40 aq:32.92 tex:2875 mv:3636 misc:1249 imb:11 pmb:289 smb:7860 d:- ref:0 ;
in:720 out:717 type:P dur:2 cpbdur:2 q:35.40 aq:29.52 tex:92708 mv:31655 misc:6405 imb:698 pmb:3143 smb:4319 d:- ref:0 ;
in:718 out:718 type:B dur:2 cpbdur:2 q:35.40 aq:32.60 tex:8427 mv:10350 misc:3103 imb:38 pmb:884 smb:7238 d:- ref:0 ;
in:717 out:719 type:b dur:2 cpbdur:2 q:35.40 aq:32.16 tex:3573 mv:4203 misc:1240 imb:17 pmb:300 smb:7843 d:- ref:0 ;
in:719 out:720 type:b dur:2 cpbdur:2 q:35.40 aq:32.99 tex:2049 mv:3737 misc:1542 imb:7 pmb:328 smb:7825 d:- ref:0 ;
in:724 out:721 type:P dur:2 cpbdur:2 q:35.40 aq:30.01 tex:55972 mv:24434 misc:6442 imb:460 pmb:2637 smb:5063 d:- ref:0 ;
in:722 out:722 type:B dur:2 cpbdur:2 q:35.40 aq:32.21 tex:5182 mv:9022 misc:3492 imb:45 pmb:940 smb:7175 d:- ref:0 ;
in:721 out:723 type:b dur:2 cpbdur:2 q:35.40 aq:28.81 tex:1974 mv:3275 misc:1319 imb:7 pmb:275 smb:7878 d:- ref:0 ;
in:723 out:724 type:b dur:2 cpbdur:2 q:35.40 aq:35.59 tex:1448 mv:2130 misc:1374 imb:9 pmb:239 smb:7912 d:- ref:0 ;
in:728 out:725 type:P dur:2 cpbdur:2 q:35.40 aq:30.38 tex:34114 mv:21983 misc:6887 imb:504 pmb:2328 smb:5328 d:- ref:0 ;
in:726 out:726 type:B dur:2 cpbdur:2 q:35.40 aq:31.79 tex:5603 mv:9628 misc:4201 imb:75 pmb:1080 smb:7005 d:- ref:0 ;
in:725 out:727 type:b dur:2 cpbdur:2 q:35.40 aq:33.69 tex:922 mv:1520 misc:1062 imb:6 pmb:150 smb:8004 d:- ref:0 ;
in:727 out:728 type:b dur:2 cpbdur:2 q:35.40 aq:34.57 tex:1276 mv:1975 misc:1309 imb:12 pmb:214 smb:7934 d:- ref:0 ;
in:732 out:729 type:P dur:2 cpbdur:2 q:35.40 aq:33.74 tex:35222 mv:20270 misc:4940 imb:620 pmb:1576 smb:5964 d:- ref:0 ;
in:730 out:730 type:B dur:2 cpbdur:2 q:35.40 aq:33.54 tex:11239 mv:14972 misc:4221 imb:137 pmb:1277 smb:6746 d:- ref:0 ;
in:729 out:731 type:b dur:2 cpbdur:2 q:35.40 aq:34.44 tex:3081 mv:4692 misc:1779 imb:14 pmb:382 smb:7764 d:- ref:0 ;
in:731 out:732 type:b dur:2 cpbdur:2 q:35.40 aq:33.21 tex:3236 mv:6306 misc:2242 imb:16 pmb:554 smb:7590 d:- ref:0 ;
in:733 out:733 type:P dur:2 cpbdur:2 q:35.40 aq:34.65 tex:8933 mv:10361 misc:4434 imb:178 pmb:1173 smb:6809 d:- ref:0 ;
in:734 out:734 type:I dur:2 cpbdur:2 q:32.49 aq:24.33 tex:534879 mv:160810 misc:711 imb:8160 pmb:0 smb:0 d:- ref:;
in:738 out:735 type:P dur:2 cpbdur:2 q:35.40 aq:29.62 tex:35421 mv:16713 misc:4938 imb:208 pmb:1848 smb:6104 d:- ref:0 ;
in:736 out:736 type:B dur:2 cpbdur:2 q:35.40 aq:31.08 tex:1902 mv:6104 misc:2290 imb:7 pmb:519 smb:7634 d:- ref:0 ;
in:735 out:737 type:b dur:2 cpbdur:2 q:35.40 aq:34.98 tex:565 mv:1870 misc:901 imb:6 pmb:136 smb:8018 d:- ref:0 ;
in:737 out:738 type:b dur:2 cpbdur:2 q:35.40 aq:37.83 tex:324 mv:1496 misc:996 imb:0 pmb:133 smb:8027 d:- ref:0 ;
in:742 out:739 type:P dur:2 cpbdur:2 q:35.40 aq:29.14 tex:53962 mv:21144 misc:5302 imb:347 pmb:2299 smb:5514 d:- ref:0 ;
in:740 out:740 type:B dur:2 cpbdur:2 q:35.40 aq:34.11 tex:2447 mv:6332 misc:2645 imb:8 pmb:589 smb:7563 d:- ref:0 ;
in:739 out:741 type:b dur:2 cpbdur:2 q:35.40 aq:36.82 tex:430 mv:1518 misc:948 imb:3 pmb:127 smb:8030 d:- ref:0 ;
in:741 out:742 type:b dur:2 cpbdur:2 q:35.40 aq:34.42 tex:724 mv:1653 misc:903 imb:0 pmb:148 smb:8012 d:- ref:0 ;
in:746 out:743 type:P dur:2 cpbdur:2 q:35.40 aq:29.01 tex:61761 mv:23057 misc:5230 imb:482 pmb:2314 smb:5364 d:- ref:0 ;
in:744 out:744 type:B dur:2 cpbdur:2 q:35.40 aq:33.23 tex:6206 mv:9903 misc:3467 imb:40 pmb:926 smb:7194 d:- ref:0 ;
in:743 out:745 type:b dur:2 cpbdur:2 q:35.40 aq:35.56 tex:1617 mv:2553 misc:1022 imb:10 pmb:173 smb:7977 d:- ref:0 ;
in:745 out:746 type:b dur:2 cpbdur:2 q:35.40 aq:32.53 tex:1808 mv:3880 misc:1816 imb:4 pmb:362 smb:7794 d:- ref:0 ;
in:750 out:747 type:P dur:2 cpbdur:2 q:35.40 aq:27.59 tex:94916 mv:31558 misc:5702 imb:1158 pmb:2540 smb:4462 d:- ref:0 ;
in:748 out:748 type:B dur:2 cpbdur:2 q:35.40 aq:32.41 tex:8299 mv:13192 misc:4133 imb:46 pmb:1218 smb:6896 d:- ref:0 ;
in:747 out:749 type:b dur:2 cpbdur:2 q:35.40 aq:34.63 tex:1467 mv:5279 misc:2198 imb:7 pmb:463 smb:7690 d:- ref:0 ;
in:749 out:750 type:b dur:2 cpbdur:2 q:35.40 aq:34.11 tex:1832 mv:5199 misc:1993 imb:7 pmb:452 smb:7701 d:- ref:0 ;
in:754 out:751 type:P dur:2 cpbdur:2 q:35.40 aq:28.43 tex:99119 mv:27583 misc:5410 imb:750 pmb:2413 smb:4997 d:- ref:0 ;
in:752 out:752 type:B dur:2 cpbdur:2 q:35.40 aq:33.47 tex:7384 mv:11622 misc:3602 imb:18 pmb:1113 smb:7029 d:- ref:0 ;
in:751 out:753 type:b dur:2 cpbdur:2 q:35.40 aq:34.98 tex:2856 mv:5619 misc:1893 imb:7 pmb:480 smb:7673 d:- ref:0 ;
in:753 out:754 type:b dur:2 cpbdur:2 q:35.40 aq:31.27 tex:1645 mv:3850 misc:1393 imb:2 pmb:324 smb:7834 d:- ref:0 ;
in:758 out:755 type:P dur:2 cpbdur:2 q:35.40 aq:30.90 tex:66105 mv:26635 misc:5212 imb:767 pmb:2212 smb:5181 d:- ref:0 ;
in:756 out:756 type:B dur:2 cpbdur:2 q:35.40 aq:34.91 tex:8891 mv:13737 misc:4116 imb:117 pmb:1162 smb:6881 d:- ref:0 ;
in:755 out:757 type:b dur:2 cpbdur:2 q:35.40 aq:36.02 tex:2071 mv:5228 misc:2109 imb:5 pmb:477 smb:7678 d:- ref:0 ;
in:757 out:758 type:b dur:2 cpbdur:2 q:35.40 aq:38.43 tex:4133 mv:8691 misc:3296 imb:83 pmb:808 smb:7269 d:- ref:0 ;
in:760 out:759 type:P dur:2 cpbdur:2 q:35.40 aq:31.29 tex:39725 mv:20583 misc:5268 imb:642 pmb:1829 smb:5689 d:- ref:0 ;
in:759 out:760 type:b dur:2 cpbdur:2 q:35.40 aq:33.92 tex:3553 mv:9168 misc:3495 imb:131 pmb:847 smb:7182 d:- ref:0 ;
in:761 out:761 type:P dur:2 cpbdur:2 q:35.40 aq:30.97 tex:39093 mv:16499 misc:5328 imb:481 pmb:1692 smb:5987 d:- ref:0 ;
in:762 out:762 type:P dur:2 cpbdur:2 q:35.40 aq:31.14 tex:39541 mv:18210 misc:5353 imb:643 pmb:1695 smb:5822 d:- ref:0 ;
in:763 out:763 type:P dur:2 cpbdur:2 q:35.40 aq:31.58 tex:44818 mv:17241 misc:5125 imb:592 pmb:1654 smb:5914 d:- ref:0 ;
in:764 out:764 type:P dur:2 cpbdur:2 q:35.40 aq:30.99 tex:45230 mv:18525 misc:5389 imb:765 pmb:1659 smb:5736 d:- ref:0 ;
in:765 out:765 type:P dur:2 cpbdur:2 q:35.40 aq:31.08 tex:44860 mv:17785 misc:5347 imb:836 pmb:1461 smb:5863 d:- ref:0 ;
in:766 out:766 type:P dur:2 cpbdur:2 q:35.40 aq:30.49 tex:48674 mv:18944 misc:5630 imb:820 pmb:1642 smb:5698 d:- ref:0 ;
in:767 out:767 type:P dur:2 cpbdur:2 q:35.40 aq:30.68 tex:56021 mv:19653 misc:5742 imb:1023 pmb:1682 smb:5455 d:- ref:0 ;
in:768 out:768 type:P dur:2 cpbdur:2 q:35.40 aq:29.09 tex:65372 mv:22148 misc:5856 imb:1107 pmb:1959 smb:5094 d:- ref:0 ;
in:769 out:769 type:P dur:2 cpbdur:2 q:35.40 aq:29.55 tex:48607 mv:18130 misc:5727 imb:1025 pmb:1712 smb:5423 d:- ref:0 ;
in:770 out:770 type:P dur:2 cpbdur:2 q:35.40 aq:29.50 tex:41641 mv:18701 misc:5786 imb:947 pmb:1742 smb:5471 d:- ref:0 ;
in:771 out:771 type:P dur:2 cpbdur:2 q:35.40 aq:28.33 tex:46976 mv:17774 misc:6122 imb:833 pmb:1722 smb:5605 d:- ref:0 ;
in:772 out:772 type:P dur:2 cpbdur:2 q:35.40 aq:28.03 tex:48102 mv:19322 misc:6192 imb:998 pmb:1779 smb:5383 d:- ref:0 ;
in:774 out:773 type:P dur:2 cpbdur:2 q:35.40 aq:27.93 tex:48159 mv:22231 misc:5522 imb:1316 pmb:1762 smb:5082 d:- ref:0 ;
in:773 out:774 type:b dur:2 cpbdur:2 q:35.40 aq:29.62 tex:4488 mv:9037 misc:3659 imb:178 pmb:808 smb:7174 d:- ref:0 ;
in:777 out:775 type:P dur:2 cpbdur:2 q:35.40 aq:27.00 tex:60404 mv:25844 misc:6120 imb:1402 pmb:1947 smb:4811 d:- ref:0 ;
in:775 out:776 type:B dur:2 cpbdur:2 q:35.40 aq:27.79 tex:5821 mv:12358 misc:4549 imb:300 pmb:1041 smb:6819 d:- ref:0 ;
in:776 out:777 type:b dur:2 cpbdur:2 q:35.40 aq:29.80 tex:5000 mv:9339 misc:3509 imb:245 pmb:760 smb:7155 d:- ref:0 ;
in:780 out:778 type:P dur:2 cpbdur:2 q:35.40 aq:27.38 tex:51921 mv:24940 misc:6003 imb:1302 pmb:1857 smb:5001 d:- ref:0 ;
in:778 out:779 type:B dur:2 cpbdur:2 q:35.40 aq:30.63 tex:5896 mv:10932 misc:3668 imb:227 pmb:920 smb:7013 d:- ref:0 ;
in:779 out:780 type:b dur:2 cpbdur:2 q:35.40 aq:28.06 tex:2394 mv:7889 misc:2941 imb:151 pmb:709 smb:7300 d:- ref:0 ;
in:784 out:781 type:P dur:2 cpbdur:2 q:35.40 aq:28.56 tex:61171 mv:28129 misc:5732 imb:1632 pmb:1883 smb:4645 d:- ref:0 ;
in:782 out:782 type:B dur:2 cpbdur:2 q:35.40 aq:29.53 tex:9430 mv:17151 misc:4755 imb:369 pmb:1306 smb:6485 d:- ref:0 ;
in:781 out:783 type:b dur:2 cpbdur:2 q:35.40 aq:30.90 tex:2929 mv:9903 misc:3416 imb:185 pmb:837 smb:7138 d:- ref:0 ;
in:783 out:784 type:b dur:2 cpbdur:2 q:35.40 aq:29.09 tex:2924 mv:8958 misc:3454 imb:138 pmb:806 smb:7216 d:- ref:0 ;
in:786 out:785 type:P dur:2 cpbdur:2 q:35.40 aq:29.30 tex:35311 mv:22177 misc:5704 imb:1002 pmb:1740 smb:5418 d:- ref:0 ;
in:785 out:786 type:b dur:2 cpbdur:2 q:35.40 aq:28.65 tex:2915 mv:9799 misc:3414 imb:196 pmb:821 smb:7143 d:- ref:0 ;
in:787 out:787 type:P dur:2 cpbdur:2 q:35.40 aq:28.44 tex:27685 mv:17853 misc:5398 imb:833 pmb:1524 smb:5803 d:- ref:0 ;
in:788 out:788 type:P dur:2 cpbdur:2 q:35.40 aq:29.01 tex:26830 mv:18637 misc:5741 imb:856 pmb:1612 smb:5692 d:- ref:0 ;
in:789 out:789 type:P dur:2 cpbdur:2 q:35.40 aq:29.49 tex:28085 mv:19002 misc:5721 imb:926 pmb:1563 smb:5671 d:- ref:0 ;
in:790 out:790 type:P dur:2 cpbdur:2 q:35.40 aq:29.77 tex:34802 mv:21928 misc:5630 imb:1079 pmb:1669 smb:5412 d:- ref:0 ;
in:792 out:791 type:P dur:2 cpbdur:2 q:35.40 aq:29.60 tex:62714 mv:28405 misc:5401 imb:2300 pmb:1633 smb:4227 d:- ref:0 ;
in:791 out:792 type:b dur:2 cpbdur:2 q:35.40 aq:30.40 tex:17865 mv:18879 misc:4776 imb:561 pmb:1284 smb:6315 d:- ref:0 ;
in:793 out:793 type:P dur:2 cpbdur:2 q:35.40 aq:29.47 tex:42085 mv:16831 misc:5484 imb:895 pmb:1452 smb:5813 d:- ref:0 ;
in:794 out:794 type:P dur:2 cpbdur:2 q:35.40 aq:29.89 tex:40612 mv:17317 misc:5335 imb:1167 pmb:1298 smb:5695 d:- ref:0 ;
in:795 out:795 type:P dur:2 cpbdur:2 q:35.40 aq:29.38 tex:55702 mv:16835 misc:5311 imb:1004 pmb:1338 smb:5818 d:- ref:0 ;
in:796 out:796 type:P dur:2 cpbdur:2 q:35.40 aq:29.51 tex:47327 mv:27512 misc:5801 imb:1645 pmb:2015 smb:4500 d:- ref:0 ;
in:797 out:797 type:P dur:2 cpbdur:2 q:35.40 aq:29.76 tex:46033 mv:26731 misc:6020 imb:1075 pmb:2205 smb:4880 d:- ref:0 ;
in:798 out:798 type:P dur:2 cpbdur:2 q:35.40 aq:29.11 tex:44953 mv:25784 misc:6151 imb:1147 pmb:2208 smb:4805 d:- ref:0 ;
in:799 out:799 type:P dur:2 cpbdur:2 q:35.40 aq:29.10 tex:37935 mv:23188 misc:6005 imb:847 pmb:2112 smb:5201 d:- ref:0 ;
in:800 out:800 type:P dur:2 cpbdur:2 q:35.40 aq:28.28 tex:57344 mv:26977 misc:6743 imb:1244 pmb:2408 smb:4508 d:- ref:0 ;
in:801 out:801 type:P dur:2 cpbdur:2 q:35.40 aq:27.71 tex:47051 mv:22052 misc:6385 imb:771 pmb:2202 smb:5187 d:- ref:0 ;
in:805 out:802 type:P dur:2 cpbdur:2 q:35.40 aq:28.17 tex:101057 mv:36277 misc:6042 imb:1585 pmb:2647 smb:3928 d:- ref:0 ;
in:803 out:803 type:B dur:2 cpbdur:2 q:35.40 aq:30.03 tex:14276 mv:23207 misc:5541 imb:354 pmb:1806 smb:6000 d:- ref:0 ;
in:802 out:804 type:b dur:2 cpbdur:2 q:35.40 aq:30.56 tex:8149 mv:13620 misc:3919 imb:185 pmb:1081 smb:6894 d:- ref:0 ;
in:804 out:805 type:b dur:2 cpbdur:2 q:35.40 aq:30.16 tex:4074 mv:11630 misc:3512 imb:140 pmb:996 smb:7024 d:- ref:0 ;
in:809 out:806 type:P dur:2 cpbdur:2 q:35.40 aq:28.03 tex:94205 mv:31418 misc:5873 imb:1172 pmb:2529 smb:4459 d:- ref:0 ;
in:807 out:807 type:B dur:2 cpbdur:2 q:35.40 aq:29.61 tex:10041 mv:20100 misc:5307 imb:209 pmb:1679 smb:6272 d:- ref:0 ;
in:806 out:808 type:b dur:2 cpbdur:2 q:35.40 aq:32.58 tex:3972 mv:11073 misc:3539 imb:126 pmb:901 smb:7133 d:- ref:0 ;
in:808 out:809 type:b dur:2 cpbdur:2 q:35.40 aq:31.48 tex:4649 mv:10435 misc:3476 imb:104 pmb:925 smb:7131 d:- ref:0 ;
in:813 out:810 type:P dur:2 cpbdur:2 q:35.40 aq:28.61 tex:82401 mv:27244 misc:5835 imb:1059 pmb:2263 smb:4838 d:- ref:0 ;
in:811 out:811 type:B dur:2 cpbdur:2 q:35.40 aq:27.76 tex:11188 mv:16834 misc:4890 imb:246 pmb:1452 smb:6462 d:- ref:0 ;
in:810 out:812 type:b dur:2 cpbdur:2 q:35.40 aq:31.99 tex:5476 mv:9746 misc:3330 imb:127 pmb:878 smb:7155 d:- ref:0 ;
in:812 out:813 type:b dur:2 cpbdur:2 q:35.40 aq:30.75 tex:4569 mv:9947 misc:3596 imb:165 pmb:944 smb:7051 d:- ref:0 ;
in:815 out:814 type:P dur:2 cpbdur:2 q:35.40 aq:28.19 tex:47028 mv:17990 misc:5646 imb:713 pmb:1759 smb:5688 d:- ref:0 ;
in:814 out:815 type:b dur:2 cpbdur:2 q:35.40 aq:27.83 tex:4962 mv:8532 misc:2994 imb:212 pmb:731 smb:7217 d:- ref:0 ;
in:817 out:816 type:P dur:2 cpbdur:2 q:35.40 aq:28.51 tex:46493 mv:17841 misc:5282 imb:754 pmb:1635 smb:5771 d:- ref:0 ;
in:816 out:817 type:b dur:2 cpbdur:2 q:35.40 aq:28.92 tex:3954 mv:8774 misc:3576 imb:172 pmb:899 smb:7089 d:- ref:0 ;
in:818 out:818 type:P dur:2 cpbdur:2 q:35.40 aq:28.69 tex:35990 mv:13663 misc:5115 imb:824 pmb:1378 smb:5958 d:- ref:0 ;
in:819 out:819 type:P dur:2 cpbdur:2 q:35.40 aq:29.01 tex:37148 mv:14165 misc:5055 imb:715 pmb:1348 smb:6097 d:- ref:0 ;
in:820 out:820 type:P dur:2 cpbdur:2 q:35.40 aq:28.80 tex:37246 mv:13259 misc:5039 imb:596 pmb:1371 smb:6193 d:- ref:0 ;
in:821 out:821 type:P dur:2 cpbdur:2 q:35.40 aq:28.52 tex:39874 mv:13764 misc:5098 imb:686 pmb:1391 smb:6083 d:- ref:0 ;
in:822 out:822 type:P dur:2 cpbdur:2 q:35.40 aq:27.72 tex:51490 mv:16790 misc:5264 imb:1145 pmb:1543 smb:5472 d:- ref:0 ;
in:823 out:823 type:P dur:2 cpbdur:2 q:35.40 aq:27.00 tex:56566 mv:18448 misc:5922 imb:1185 pmb:1639 smb:5336 d:- ref:0 ;
in:826 out:824 type:P dur:2 cpbdur:2 q:35.40 aq:26.32 tex:70613 mv:21615 misc:6140 imb:1243 pmb:1929 smb:4988 d:- ref:0 ;
in:824 out:825 type:B dur:2 cpbdur:2 q:35.40 aq:25.93 tex:9254 mv:9915 misc:3111 imb:329 pmb:672 smb:7159 d:- ref:0 ;
in:825 out:826 type:b dur:2 cpbdur:2 q:35.40 aq:28.64 tex:7662 mv:7543 misc:2739 imb:234 pmb:563 smb:7363 d:- ref:0 ;
in:830 out:827 type:P dur:2 cpbdur:2 q:35.40 aq:25.94 tex:48554 mv:18820 misc:6378 imb:806 pmb:1829 smb:5525 d:- ref:0 ;
in:828 out:828 type:B dur:2 cpbdur:2 q:35.40 aq:29.75 tex:6675 mv:8404 misc:3625 imb:156 pmb:791 smb:7213 d:- ref:0 ;
in:827 out:829 type:b dur:2 cpbdur:2 q:35.40 aq:28.25 tex:5439 mv:5850 misc:2391 imb:145 pmb:440 smb:7575 d:- ref:0 ;
in:829 out:830 type:b dur:2 cpbdur:2 q:35.40 aq:34.98 tex:3396 mv:3186 misc:1738 imb:53 pmb:292 smb:7815 d:- ref:0 ;
in:834 out:831 type:P dur:2 cpbdur:2 q:35.40 aq:26.58 tex:33572 mv:18111 misc:6437 imb:733 pmb:1695 smb:5732 d:- ref:0 ;
in:832 out:832 type:B dur:2 cpbdur:2 q:35.40 aq:26.91 tex:3228 mv:6860 misc:3016 imb:75 pmb:658 smb:7427 d:- ref:0 ;
in:831 out:833 type:b dur:2 cpbdur:2 q:35.40 aq:29.77 tex:818 mv:4198 misc:2144 imb:17 pmb:465 smb:7678 d:- ref:0 ;
in:833 out:834 type:b dur:2 cpbdur:2 q:35.40 aq:25.99 tex:1063 mv:4058 misc:2071 imb:20 pmb:464 smb:7676 d:- ref:0 ;
in:838 out:835 type:P dur:2 cpbdur:2 q:35.40 aq:26.79 tex:35560 mv:19373 misc:6723 imb:830 pmb:1794 smb:5536 d:- ref:0 ;
in:836 out:836 type:B dur:2 cpbdur:2 q:35.40 aq:26.59 tex:3216 mv:7121 misc:3335 imb:60 pmb:694 smb:7406 d:- ref:0 ;
in:835 out:837 type:b dur:2 cpbdur:2 q:35.40 aq:25.64 tex:1158 mv:3663 misc:1979 imb:26 pmb:399 smb:7735 d:- ref:0 ;
in:837 out:838 type:b dur:2 cpbdur:2 q:35.40 aq:27.63 tex:1106 mv:3601 misc:1949 imb:36 pmb:421 smb:7703 d:- ref:0 ;
in:842 out:839 type:P dur:2 cpbdur:2 q:35.40 aq:26.42 tex:20883 mv:17536 misc:6381 imb:856 pmb:1397 smb:5907 d:- ref:0 ;
in:840 out:840 type:B dur:2 cpbdur:2 q:35.40 aq:28.08 tex:3181 mv:5476 misc:3135 imb:44 pmb:661 smb:7455 d:- ref:0 ;
in:839 out:841 type:b dur:2 cpbdur:2 q:35.40 aq:27.22 tex:915 mv:2744 misc:1821 imb:27 pmb:343 smb:7790 d:- ref:0 ;
in:841 out:842 type:b dur:2 cpbdur:2 q:35.40 aq:28.40 tex:958 mv:2705 misc:1905 imb:25 pmb:397 smb:7738 d:- ref:0 ;
in:846 out:843 type:P dur:2 cpbdur:2 q:35.40 aq:28.18 tex:12451 mv:11675 misc:4594 imb:534 pmb:874 smb:6752 d:- ref:0 ;
in:844 out:844 type:B dur:2 cpbdur:2 q:35.40 aq:26.90 tex:4830 mv:8764 misc:3990 imb:128 pmb:896 smb:7136 d:- ref:0 ;
in:843 out:845 type:b dur:2 cpbdur:2 q:35.40 aq:28.41 tex:1359 mv:3579 misc:1782 imb:31 pmb:406 smb:7723 d:- ref:0 ;
in:845 out:846 type:b dur:2 cpbdur:2 q:35.40 aq:30.83 tex:1453 mv:3965 misc:2254 imb:32 pmb:475 smb:7653 d:- ref:0 ;
in:847 out:847 type:I dur:2 cpbdur:2 q:32.49 aq:25.35 tex:441235 mv:169424 misc:709 imb:8160 pmb:0 smb:0 d:- ref:;
in:851 out:848 type:P dur:2 cpbdur:2 q:35.40 aq:26.62 tex:17423 mv:12104 misc:4865 imb:153 pmb:1429 smb:6578 d:- ref:0 ;
in:849 out:849 type:B dur:2 cpbdur:2 q:35.40 aq:31.40 tex:1810 mv:5819 misc:2707 imb:17 pmb:640 smb:7503 d:- ref:0 ;
in:848 out:850 type:b dur:2 cpbdur:2 q:35.40 aq:33.67 tex:458 mv:1179 misc:803 imb:2 pmb:106 smb:8052 d:- ref:0 ;
in:850 out:851 type:b dur:2 cpbdur:2 q:35.40 aq:26.38 tex:458 mv:1865 misc:1229 imb:5 pmb:202 smb:7953 d:- ref:0 ;
in:855 out:852 type:P dur:2 cpbdur:2 q:35.40 aq:27.61 tex:29251 mv:17273 misc:5508 imb:234 pmb:1908 smb:6018 d:- ref:0 ;
in:853 out:853 type:B dur:2 cpbdur:2 q:35.40 aq:31.34 tex:3808 mv:9047 misc:3633 imb:40 pmb:978 smb:7142 d:- ref:0 ;
in:852 out:854 type:b dur:2 cpbdur:2 q:35.40 aq:33.66 tex:1077 mv:5733 misc:2710 imb:27 pmb:618 smb:7515 d:- ref:0 ;
in:854 out:855 type:b dur:2 cpbdur:2 q:35.40 aq:32.50 tex:765 mv:3710 misc:1933 imb:15 pmb:394 smb:7751 d:- ref:0 ;
in:859 out:856 type:P dur:2 cpbdur:2 q:35.40 aq:28.86 tex:66977 mv:26871 misc:6088 imb:511 pmb:3089 smb:4560 d:- ref:0 ;
in:857 out:857 type:B dur:2 cpbdur:2 q:35.40 aq:32.97 tex:3168 mv:9035 misc:3621 imb:58 pmb:942 smb:7160 d:- ref:0 ;
in:856 out:858 type:b dur:2 cpbdur:2 q:35.40 aq:36.88 tex:1339 mv:5513 misc:2428 imb:21 pmb:561 smb:7578 d:- ref:0 ;
in:858 out:859 type:b dur:2 cpbdur:2 q:35.40 aq:37.21 tex:1002 mv:4600 misc:2446 imb:43 pmb:520 smb:7597 d:- ref:0 ;
in:863 out:860 type:P dur:2 cpbdur:2 q:35.40 aq:28.26 tex:54421 mv:22879 misc:6348 imb:344 pmb:2937 smb:4879 d:- ref:0 ;
in:861 out:861 type:B dur:2 cpbdur:2 q:35.40 aq:33.98 tex:2760 mv:8060 misc:3412 imb:38 pmb:857 smb:7265 d:- ref:0 ;
in:860 out:862 type:b dur:2 cpbdur:2 q:35.40 aq:36.84 tex:430 mv:2974 misc:1804 imb:6 pmb:323 smb:7831 d:- ref:0 ;
in:862 out:863 type:b dur:2 cpbdur:2 q:35.40 aq:33.98 tex:755 mv:2630 misc:1511 imb:18 pmb:241 smb:7901 d:- ref:0 ;
in:867 out:864 type:P dur:2 cpbdur:2 q:35.40 aq:28.12 tex:48514 mv:22481 misc:6189 imb:318 pmb:2774 smb:5068 d:- ref:0 ;
in:865 out:865 type:B dur:2 cpbdur:2 q:35.40 aq:32.51 tex:2981 mv:8657 misc:3746 imb:63 pmb:1024 smb:7073 d:- ref:0 ;
in:864 out:866 type:b dur:2 cpbdur:2 q:35.40 aq:35.15 tex:1287 mv:4865 misc:2472 imb:34 pmb:515 smb:7611 d:- ref:0 ;
in:866 out:867 type:b dur:2 cpbdur:2 q:35.40 aq:32.14 tex:309 mv:2310 misc:1485 imb:4 pmb:261 smb:7895 d:- ref:0 ;
in:871 out:868 type:P dur:2 cpbdur:2 q:35.40 aq:29.39 tex:87321 mv:25718 misc:5793 imb:543 pmb:3374 smb:4243 d:- ref:0 ;
in:869 out:869 type:B dur:2 cpbdur:2 q:35.40 aq:34.88 tex:1832 mv:7001 misc:2839 imb:34 pmb:676 smb:7450 d:- ref:0 ;
in:868 out:870 type:b dur:2 cpbdur:2 q:35.40 aq:36.29 tex:150 mv:625 misc:705 imb:2 pmb:64 smb:8094 d:- ref:0 ;
in:870 out:871 type:b dur:2 cpbdur:2 q:35.40 aq:37.07 tex:298 mv:1547 misc:1211 imb:3 pmb:171 smb:7986 d:- ref:0 ;
in:875 out:872 type:P dur:2 cpbdur:2 q:35.40 aq:27.95 tex:100205 mv:26649 misc:6618 imb:800 pmb:2794 smb:4566 d:- ref:0 ;
in:873 out:873 type:B dur:2 cpbdur:2 q:35.40 aq:32.90 tex:5121 mv:9091 misc:3804 imb:44 pmb:1034 smb:7082 d:- ref:0 ;
in:872 out:874 type:b dur:2 cpbdur:2 q:35.40 aq:35.93 tex:910 mv:1586 misc:1208 imb:6 pmb:232 smb:7922 d:- ref:0 ;
in:874 out:875 type:b dur:2 cpbdur:2 q:35.40 aq:37.94 tex:867 mv:3611 misc:2138 imb:36 pmb:405 smb:7719 d:- ref:0 ;
in:879 out:876 type:P dur:2 cpbdur:2 q:35.40 aq:28.09 tex:41333 mv:17556 misc:6447 imb:278 pmb:2368 smb:5514 d:- ref:0 ;
in:877 out:877 type:B dur:2 cpbdur:2 q:35.40 aq:33.15 tex:1606 mv:6795 misc:3455 imb:37 pmb:827 smb:7296 d:- ref:0 ;
in:876 out:878 type:b dur:2 cpbdur:2 q:35.40 aq:35.80 tex:320 mv:1452 misc:1140 imb:3 pmb:146 smb:8011 d:- ref:0 ;
in:878 out:879 type:b dur:2 cpbdur:2 q:35.40 aq:36.07 tex:399 mv:575 misc:674 imb:3 pmb:55 smb:8102 d:- ref:0 ;
in:883 out:880 type:P dur:2 cpbdur:2 q:35.40 aq:28.38 tex:36694 mv:17978 misc:6520 imb:266 pmb:2310 smb:5584 d:- ref:0 ;
in:881 out:881 type:B dur:2 cpbdur:2 q:35.40 aq:33.39 tex:1864 mv:4681 misc:1975 imb:21 pmb:425 smb:7714 d:- ref:0 ;
in:880 out:882 type:b dur:2 cpbdur:2 q:35.40 aq:35.51 tex:529 mv:1014 misc:761 imb:2 pmb:89 smb:8069 d:- ref:0 ;
in:882 out:883 type:b dur:2 cpbdur:2 q:35.40 aq:36.65 tex:559 mv:1105 misc:808 imb:1 pmb:115 smb:8044 d:- ref:0 ;
in:887 out:884 type:P dur:2 cpbdur:2 q:35.40 aq:27.99 tex:39187 mv:16888 misc:5981 imb:295 pmb:2129 smb:5736 d:- ref:0 ;
in:885 out:885 type:B dur:2 cpbdur:2 q:35.40 aq:35.61 tex:2808 mv:3731 misc:1645 imb:27 pmb:347 smb:7786 d:- ref:0 ;
in:884 out:886 type:b dur:2 cpbdur:2 q:35.40 aq:35.81 tex:942 mv:1669 misc:877 imb:5 pmb:142 smb:8013 d:- ref:0 ;
in:886 out:887 type:b dur:2 cpbdur:2 q:35.40 aq:36.67 tex:908 mv:1166 misc:694 imb:1 pmb:93 smb:8066 d:- ref:0 ;
in:891 out:888 type:P dur:2 cpbdur:2 q:35.40 aq:28.25 tex:24331 mv:14273 misc:6036 imb:191 pmb:2069 smb:5900 d:- ref:0 ;
in:889 out:889 type:B dur:2 cpbdur:2 q:35.40 aq:32.53 tex:1038 mv:3264 misc:1978 imb:6 pmb:387 smb:7767 d:- ref:0 ;
in:888 out:890 type:b dur:2 cpbdur:2 q:35.40 aq:37.00 tex:199 mv:621 misc:620 imb:0 pmb:63 smb:8097 d:- ref:0 ;
in:890 out:891 type:b dur:2 cpbdur:2 q:35.40 aq:35.16 tex:203 mv:295 misc:494 imb:0 pmb:28 smb:8132 d:- ref:0 ;
in:895 out:892 type:P dur:2 cpbdur:2 q:35.40 aq:27.60 tex:35762 mv:17049 misc:6245 imb:303 pmb:2117 smb:5740 d:- ref:0 ;
in:893 out:893 type:B dur:2 cpbdur:2 q:35.40 aq:32.77 tex:1930 mv:6252 misc:3346 imb:16 pmb:798 smb:7346 d:- ref:0 ;
in:892 out:894 type:b dur:2 cpbdur:2 q:35.40 aq:34.65 tex:220 mv:593 misc:763 imb:1 pmb:80 smb:8079 d:- ref:0 ;
in:894 out:895 type:b dur:2 cpbdur:2 q:35.40 aq:35.35 tex:680 mv:3736 misc:2160 imb:23 pmb:437 smb:7700 d:- ref:0 ;
in:899 out:896 type:P dur:2 cpbdur:2 q:35.40 aq:28.13 tex:40390 mv:19731 misc:6271 imb:306 pmb:2308 smb:5546 d:- ref:0 ;
in:897 out:897 type:B dur:2 cpbdur:2 q:35.40 aq:32.41 tex:3143 mv:7511 misc:3362 imb:75 pmb:798 smb:7287 d:- ref:0 ;
in:896 out:898 type:b dur:2 cpbdur:2 q:35.40 aq:36.35 tex:626 mv:4178 misc:2076 imb:32 pmb:415 smb:7713 d:- ref:0 ;
in:898 out:899 type:b dur:2 cpbdur:2 q:35.40 aq:35.44 tex:894 mv:4177 misc:2337 imb:25 pmb:473 smb:7662 d:- ref:0 ;
in:903 out:900 type:P dur:2 cpbdur:2 q:35.40 aq:28.08 tex:40556 mv:19698 misc:6538 imb:374 pmb:2321 smb:5465 d:- ref:0 ;
in:901 out:901 type:B dur:2 cpbdur:2 q:35.40 aq:31.18 tex:2325 mv:6919 misc:3380 imb:77 pmb:792 smb:7291 d:- ref:0 ;
in:900 out:902 type:b dur:2 cpbdur:2 q:35.40 aq:35.58 tex:771 mv:3843 misc:2090 imb:36 pmb:426 smb:7698 d:- ref:0 ;
in:902 out:903 type:b dur:2 cpbdur:2 q:35.40 aq:35.16 tex:363 mv:3638 misc:1991 imb:42 pmb:399 smb:7719 d:- ref:0 ;
in:907 out:904 type:P dur:2 cpbdur:2 q:35.40 aq:28.29 tex:37837 mv:19550 misc:6509 imb:345 pmb:2303 smb:5512 d:- ref:0 ;
in:905 out:905 type:B dur:2 cpbdur:2 q:35.40 aq:30.44 tex:1381 mv:5247 misc:2668 imb:35 pmb:561 smb:7564 d:- ref:0 ;
in:904 out:906 type:b dur:2 cpbdur:2 q:35.40 aq:35.77 tex:168 mv:991 misc:905 imb:11 pmb:115 smb:8034 d:- ref:0 ;
in:906 out:907 type:b dur:2 cpbdur:2 q:35.40 aq:35.77 tex:354 mv:3055 misc:1759 imb:16 pmb:331 smb:7813 d:- ref:0 ;
in:911 out:908 type:P dur:2 cpbdur:2 q:35.40 aq:28.54 tex:36744 mv:19043 misc:6501 imb:334 pmb:2274 smb:5552 d:- ref:0 ;
in:909 out:909 type:B dur:2 cpbdur:2 q:35.40 aq:31.12 tex:1764 mv:6058 misc:2882 imb:36 pmb:656 smb:7468 d:- ref:0 ;
in:908 out:910 type:b dur:2 cpbdur:2 q:35.40 aq:35.35 tex:470 mv:3131 misc:1783 imb:22 pmb:339 smb:7799 d:- ref:0 ;
in:910 out:911 type:b dur:2 cpbdur:2 q:35.40 aq:32.81 tex:624 mv:3099 misc:1821 imb:32 pmb:348 smb:7780 d:- ref:0 ;
in:915 out:912 type:P dur:2 cpbdur:2 q:35.40 aq:28.92 tex:28243 mv:17504 misc:6437 imb:230 pmb:2164 smb:5766 d:- ref:0 ;
in:913 out:913 type:B dur:2 cpbdur:2 q:35.40 aq:34.21 tex:1774 mv:5698 misc:2608 imb:50 pmb:603 smb:7507 d:- ref:0 ;
in:912 out:914 type:b dur:2 cpbdur:2 q:35.40 aq:37.16 tex:233 mv:1957 misc:1410 imb:6 pmb:244 smb:7910 d:- ref:0 ;
in:914 out:915 type:b dur:2 cpbdur:2 q:35.40 aq:35.91 tex:321 mv:787 misc:708 imb:0 pmb:89 smb:8071 d:- ref:0 ;
in:919 out:916 type:P dur:2 cpbdur:2 q:35.40 aq:29.52 tex:37052 mv:18695 misc:6245 imb:356 pmb:2060 smb:5744 d:- ref:0 ;
in:917 out:917 type:B dur:2 cpbdur:2 q:35.40 aq:32.98 tex:3243 mv:8105 misc:3556 imb:53 pmb:891 smb:7216 d:- ref:0 ;
in:916 out:918 type:b dur:2 cpbdur:2 q:35.40 aq:37.10 tex:1382 mv:4341 misc:1901 imb:35 pmb:452 smb:7673 d:- ref:0 ;
in:918 out:919 type:b dur:2 cpbdur:2 q:35.40 aq:33.26 tex:1087 mv:1645 misc:804 imb:4 pmb:134 smb:8022 d:- ref:0 ;
in:923 out:920 type:P dur:2 cpbdur:2 q:35.40 aq:29.70 tex:23758 mv:13366 misc:5324 imb:188 pmb:1659 smb:6313 d:- ref:0 ;
in:921 out:921 type:B dur:2 cpbdur:2 q:35.40 aq:33.77 tex:1972 mv:3778 misc:1810 imb:23 pmb:370 smb:7767 d:- ref:0 ;
in:920 out:922 type:b dur:2 cpbdur:2 q:35.40 aq:35.53 tex:434 mv:1186 misc:644 imb:0 pmb:88 smb:8072 d:- ref:0 ;
in:922 out:923 type:b dur:2 cpbdur:2 q:35.40 aq:37.58 tex:350 mv:1163 misc:799 imb:3 pmb:106 smb:8051 d:- ref:0 ;
in:927 out:924 type:P dur:2 cpbdur:2 q:35.40 aq:29.49 tex:19767 mv:12966 misc:5115 imb:321 pmb:1462 smb:6377 d:- ref:0 ;
in:925 out:925 type:B dur:2 cpbdur:2 q:35.40 aq:33.86 tex:3164 mv:3599 misc:1565 imb:37 pmb:319 smb:7804 d:- ref:0 ;
in:924 out:926 type:b dur:2 cpbdur:2 q:35.40 aq:36.32 tex:425 mv:1150 misc:721 imb:2 pmb:96 smb:8062 d:- ref:0 ;
in:926 out:927 type:b dur:2 cpbdur:2 q:35.40 aq:35.24 tex:1267 mv:1440 misc:789 imb:20 pmb:110 smb:8030 d:- ref:0 ;
in:931 out:928 type:P dur:2 cpbdur:2 q:35.40 aq:32.04 tex:10554 mv:9132 misc:4090 imb:152 pmb:1074 smb:6934 d:- ref:0 ;
in:929 out:929 type:B dur:2 cpbdur:2 q:35.40 aq:35.19 tex:2724 mv:6105 misc:2859 imb:60 pmb:581 smb:7519 d:- ref:0 ;
in:928 out:930 type:b dur:2 cpbdur:2 q:35.40 aq:38.13 tex:1030 mv:1021 misc:701 imb:6 pmb:86 smb:8068 d:- ref:0 ;
in:930 out:931 type:b dur:2 cpbdur:2 q:35.40 aq:36.66 tex:514 mv:688 misc:598 imb:2 pmb:59 smb:8099 d:- ref:0 ;
in:933 out:932 type:P dur:2 cpbdur:2 q:35.40 aq:35.96 tex:2040 mv:4506 misc:2670 imb:50 pmb:535 smb:7575 d:- ref:0 ;
in:932 out:933 type:b dur:2 cpbdur:2 q:35.40 aq:35.33 tex:426 mv:707 misc:675 imb:2 pmb:76 smb:8082 d:- ref:0 ;
in:934 out:934 type:I dur:2 cpbdur:2 q:32.49 aq:25.03 tex:503962 mv:148381 misc:681 imb:8160 pmb:0 smb:0 d:- ref:;
in:938 out:935 type:P dur:2 cpbdur:2 q:35.40 aq:27.06 tex:24176 mv:18333 misc:5555 imb:388 pmb:1588 smb:6184 d:- ref:0 ;
in:936 out:936 type:B dur:2 cpbdur:2 q:35.40 aq:26.64 tex:1990 mv:6904 misc:3050 imb:27 pmb:670 smb:7463 d:- ref:0 ;
in:935 out:937 type:b dur:2 cpbdur:2 q:35.40 aq:28.63 tex:842 mv:3610 misc:1876 imb:13 pmb:348 smb:7799 d:- ref:0 ;
in:937 out:938 type:b dur:2 cpbdur:2 q:35.40 aq:31.53 tex:392 mv:2107 misc:1365 imb:10 pmb:205 smb:7945 d:- ref:0 ;
in:942 out:939 type:P dur:2 cpbdur:2 q:35.40 aq:27.94 tex:21263 mv:18163 misc:5638 imb:403 pmb:1595 smb:6162 d:- ref:0 ;
in:940 out:940 type:B dur:2 cpbdur:2 q:35.40 aq:29.08 tex:2430 mv:7429 misc:3477 imb:31 pmb:807 smb:7322 d:- ref:0 ;
in:939 out:941 type:b dur:2 cpbdur:2 q:35.40 aq:29.35 tex:287 mv:2244 misc:1541 imb:3 pmb:248 smb:7909 d:- ref:0 ;
in:941 out:942 type:b dur:2 cpbdur:2 q:35.40 aq:28.94 tex:467 mv:2948 misc:1801 imb:7 pmb:292 smb:7861 d:- ref:0 ;
in:946 out:943 type:P dur:2 cpbdur:2 q:35.40 aq:27.88 tex:34796 mv:22968 misc:5476 imb:1321 pmb:1487 smb:5352 d:- ref:0 ;
in:944 out:944 type:B dur:2 cpbdur:2 q:35.40 aq:28.63 tex:6797 mv:12478 misc:4181 imb:178 pmb:1039 smb:6943 d:- ref:0 ;
in:943 out:945 type:b dur:2 cpbdur:2 q:35.40 aq:26.79 tex:1572 mv:5550 misc:2582 imb:46 pmb:528 smb:7586 d:- ref:0 ;
in:945 out:946 type:b dur:2 cpbdur:2 q:35.40 aq:28.19 tex:4690 mv:8982 misc:3016 imb:174 pmb:730 smb:7256 d:- ref:0 ;
in:950 out:947 type:P dur:2 cpbdur:2 q:35.40 aq:27.77 tex:62685 mv:26547 misc:5008 imb:2190 pmb:1416 smb:4554 d:- ref:0 ;
in:948 out:948 type:B dur:2 cpbdur:2 q:35.40 aq:29.12 tex:17373 mv:20950 misc:4333 imb:774 pmb:1261 smb:6125 d:- ref:0 ;
in:947 out:949 type:b dur:2 cpbdur:2 q:35.40 aq:28.64 tex:8587 mv:12240 misc:3261 imb:353 pmb:841 smb:6966 d:- ref:0 ;
in:949 out:950 type:b dur:2 cpbdur:2 q:35.40 aq:27.79 tex:7543 mv:14521 misc:3736 imb:339 pmb:982 smb:6839 d:- ref:0 ;
in:954 out:951 type:P dur:2 cpbdur:2 q:35.40 aq:28.28 tex:43615 mv:25111 misc:5642 imb:1670 pmb:1442 smb:5048 d:- ref:0 ;
in:952 out:952 type:B dur:2 cpbdur:2 q:35.40 aq:28.74 tex:9640 mv:17264 misc:4952 imb:254 pmb:1417 smb:6489 d:- ref:0 ;
in:951 out:953 type:b dur:2 cpbdur:2 q:35.40 aq:29.38 tex:5457 mv:11097 misc:3390 imb:197 pmb:864 smb:7099 d:- ref:0 ;
in:953 out:954 type:b dur:2 cpbdur:2 q:35.40 aq:29.01 tex:2428 mv:8935 misc:3333 imb:68 pmb:801 smb:7291 d:- ref:0 ;
in:957 out:955 type:P dur:2 cpbdur:2 q:35.40 aq:28.85 tex:34882 mv:26453 misc:5913 imb:1409 pmb:1550 smb:5201 d:- ref:0 ;
in:955 out:956 type:B dur:2 cpbdur:2 q:35.40 aq:29.39 tex:4822 mv:13176 misc:4450 imb:129 pmb:1162 smb:6869 d:- ref:0 ;
in:956 out:957 type:b dur:2 cpbdur:2 q:35.40 aq:29.89 tex:4662 mv:13522 misc:3904 imb:179 pmb:1021 smb:6960 d:- ref:0 ;
in:960 out:958 type:P dur:2 cpbdur:2 q:35.40 aq:30.86 tex:65272 mv:31846 misc:5194 imb:2490 pmb:1458 smb:4212 d:- ref:0 ;
in:958 out:959 type:B dur:2 cpbdur:2 q:35.40 aq:30.08 tex:13589 mv:23225 misc:5522 imb:514 pmb:1610 smb:6036 d:- ref:0 ;
in:959 out:960 type:b dur:2 cpbdur:2 q:35.40 aq:30.76 tex:10286 mv:21147 misc:5095 imb:539 pmb:1441 smb:6180 d:- ref:0 ;
in:961 out:961 type:P dur:2 cpbdur:2 q:35.40 aq:31.23 tex:207225 mv:48481 misc:3030 imb:5827 pmb:1154 smb:1179 d:- ref:0 ;
in:962 out:962 type:P dur:2 cpbdur:2 q:35.40 aq:30.90 tex:276628 mv:52211 misc:1225 imb:7086 pmb:813 smb:261 d:- ref:0 ;
in:963 out:963 type:P dur:2 cpbdur:2 q:35.40 aq:30.76 tex:294540 mv:54525 misc:1663 imb:6728 pmb:962 smb:470 d:- ref:0 ;
in:964 out:964 type:P dur:2 cpbdur:2 q:35.40 aq:30.73 tex:291215 mv:54435 misc:2190 imb:6172 pmb:1126 smb:862 d:- ref:0 ;
in:965 out:965 type:P dur:2 cpbdur:2 q:35.40 aq:30.72 tex:268080 mv:53224 misc:3048 imb:5230 pmb:1517 smb:1413 d:- ref:0 ;
in:967 out:966 type:P dur:2 cpbdur:2 q:35.40 aq:30.45 tex:265734 mv:53050 misc:2640 imb:5895 pmb:1164 smb:1101 d:- ref:0 ;
in:966 out:967 type:b dur:2 cpbdur:2 q:35.40 aq:32.22 tex:28950 mv:25150 misc:5500 imb:633 pmb:1816 smb:5711 d:- ref:0 ;
in:968 out:968 type:P dur:2 cpbdur:2 q:35.40 aq:30.02 tex:105201 mv:30762 misc:5637 imb:1744 pmb:1910 smb:4506 d:- ref:0 ;
in:969 out:969 type:P dur:2 cpbdur:2 q:35.40 aq:30.33 tex:83800 mv:32159 misc:5817 imb:1528 pmb:2141 smb:4491 d:- ref:0 ;
in:971 out:970 type:P dur:2 cpbdur:2 q:35.40 aq:30.62 tex:81891 mv:37397 misc:5720 imb:1942 pmb:2266 smb:3952 d:- ref:0 ;
in:970 out:971 type:b dur:2 cpbdur:2 q:35.40 aq:33.39 tex:19478 mv:23551 misc:5435 imb:443 pmb:1738 smb:5979 d:- ref:0 ;
in:972 out:972 type:P dur:2 cpbdur:2 q:35.40 aq:30.61 tex:54278 mv:28231 misc:6451 imb:965 pmb:2191 smb:5004 d:- ref:0 ;
in:973 out:973 type:P dur:2 cpbdur:2 q:35.40 aq:31.05 tex:62299 mv:31170 misc:6211 imb:1147 pmb:2207 smb:4806 d:- ref:0 ;
in:974 out:974 type:P dur:2 cpbdur:2 q:35.40 aq:31.09 tex:74848 mv:34218 misc:6190 imb:1298 pmb:2350 smb:4512 d:- ref:0 ;
in:975 out:975 type:P dur:2 cpbdur:2 q:35.40 aq:31.11 tex:98759 mv:39018 misc:6319 imb:1717 pmb:2567 smb:3876 d:- ref:0 ;
in:976 out:976 type:P dur:2 cpbdur:2 q:35.40 aq:30.39 tex:99912 mv:40310 misc:6322 imb:1734 pmb:2586 smb:3840 d:- ref:0 ;
in:977 out:977 type:P dur:2 cpbdur:2 q:35.40 aq:29.84 tex:114224 mv:40948 misc:6284 imb:1744 pmb:2728 smb:3688 d:- ref:0 ;
in:979 out:978 type:P dur:2 cpbdur:2 q:35.40 aq:29.82 tex:168237 mv:44729 misc:5602 imb:2148 pmb:2743 smb:3269 d:- ref:0 ;
in:978 out:979 type:b dur:2 cpbdur:2 q:35.40 aq:34.05 tex:18736 mv:24463 misc:5193 imb:318 pmb:1841 smb:6001 d:- ref:0 ;
in:983 out:980 type:P dur:2 cpbdur:2 q:35.40 aq:29.30 tex:145142 mv:44617 misc:5681 imb:1974 pmb:2889 smb:3297 d:- ref:0 ;
in:981 out:981 type:B dur:2 cpbdur:2 q:35.40 aq:32.39 tex:20936 mv:24373 misc:5611 imb:313 pmb:1921 smb:5926 d:- ref:0 ;
in:980 out:982 type:b dur:2 cpbdur:2 q:35.40 aq:34.69 tex:12969 mv:16684 misc:4235 imb:187 pmb:1326 smb:6647 d:- ref:0 ;
in:982 out:983 type:b dur:2 cpbdur:2 q:35.40 aq:35.54 tex:8193 mv:12063 misc:4008 imb:88 pmb:1160 smb:6912 d:- ref:0 ;
in:987 out:984 type:P dur:2 cpbdur:2 q:35.40 aq:30.01 tex:79838 mv:31068 misc:6302 imb:940 pmb:2519 smb:4701 d:- ref:0 ;
in:985 out:985 type:B dur:2 cpbdur:2 q:35.40 aq:32.56 tex:11131 mv:15520 misc:4645 imb:141 pmb:1433 smb:6586 d:- ref:0 ;
in:984 out:986 type:b dur:2 cpbdur:2 q:35.40 aq:35.86 tex:4831 mv:5669 misc:2268 imb:59 pmb:513 smb:7588 d:- ref:0 ;
in:986 out:987 type:b dur:2 cpbdur:2 q:35.40 aq:33.46 tex:7216 mv:8009 misc:2999 imb:62 pmb:779 smb:7319 d:- ref:0 ;
in:991 out:988 type:P dur:2 cpbdur:2 q:35.40 aq:29.95 tex:104721 mv:35077 misc:6242 imb:1299 pmb:2553 smb:4308 d:- ref:0 ;
in:989 out:989 type:B dur:2 cpbdur:2 q:35.40 aq:32.41 tex:22166 mv:19936 misc:5282 imb:287 pmb:1676 smb:6197 d:- ref:0 ;
in:988 out:990 type:b dur:2 cpbdur:2 q:35.40 aq:34.31 tex:11133 mv:11175 misc:3508 imb:175 pmb:988 smb:6997 d:- ref:0 ;
in:990 out:991 type:b dur:2 cpbdur:2 q:35.40 aq:34.76 tex:9887 mv:11848 misc:4097 imb:134 pmb:1146 smb:6880 d:- ref:0 ;
in:995 out:992 type:P dur:2 cpbdur:2 q:35.40 aq:31.38 tex:119393 mv:35559 misc:5672 imb:1607 pmb:2227 smb:4326 d:- ref:0 ;
in:993 out:993 type:B dur:2 cpbdur:2 q:35.40 aq:32.46 tex:26953 mv:23887 misc:5648 imb:419 pmb:1812 smb:5929 d:- ref:0 ;
in:992 out:994 type:b dur:2 cpbdur:2 q:35.40 aq:35.29 tex:12172 mv:13410 misc:4242 imb:135 pmb:1267 smb:6758 d:- ref:0 ;
in:994 out:995 type:b dur:2 cpbdur:2 q:35.40 aq:35.45 tex:14604 mv:14202 misc:4194 imb:195 pmb:1264 smb:6701 d:- ref:0 ;
in:996 out:996 type:P dur:2 cpbdur:2 q:35.40 aq:31.28 tex:59045 mv:23177 misc:6026 imb:764 pmb:1955 smb:5441 d:- ref:0 ;
in:998 out:997 type:P dur:2 cpbdur:2 q:35.40 aq:31.71 tex:241517 mv:37465 misc:5186 imb:1550 pmb:2778 smb:3832 d:- ref:0 ;
in:997 out:998 type:b dur:2 cpbdur:2 q:35.40 aq:35.87 tex:21684 mv:16434 misc:4658 imb:259 pmb:1463 smb:6438 d:- ref:0 ;
in:999 out:999 type:P dur:2 cpbdur:2 q:35.40 aq:31.37 tex:75752 mv:24551 misc:6025 imb:840 pmb:2194 smb:5126 d:- ref:0 ;
in:1000 out:1000 type:P dur:2 cpbdur:2 q:35.40 aq:30.73 tex:109099 mv:30215 misc:5990 imb:1253 pmb:2770 smb:4137 d:- ref:0 ;
in:1001 out:1001 type:P dur:2 cpbdur:2 q:35.40 aq:30.58 tex:77307 mv:25937 misc:6172 imb:1219 pmb:2045 smb:4896 d:- ref:0 ;
in:1003 out:1002 type:P dur:2 cpbdur:2 q:35.40 aq:29.64 tex:138369 mv:31177 misc:5606 imb:2193 pmb:1930 smb:4037 d:- ref:0 ;
in:1002 out:1003 type:b dur:2 cpbdur:2 q:35.40 aq:36.66 tex:15219 mv:12114 misc:3019 imb:265 pmb:903 smb:6992 d:- ref:0 ;
in:1004 out:1004 type:P dur:2 cpbdur:2 q:35.40 aq:28.68 tex:64577 mv:18161 misc:5950 imb:684 pmb:1805 smb:5671 d:- ref:0 ;
in:1008 out:1005 type:P dur:2 cpbdur:2 q:35.40 aq:27.82 tex:84797 mv:24727 misc:6468 imb:906 pmb:2254 smb:5000 d:- ref:0 ;
in:1006 out:1006 type:B dur:2 cpbdur:2 q:35.40 aq:36.22 tex:12862 mv:8368 misc:2706 imb:183 pmb:629 smb:7348 d:- ref:0 ;
in:1005 out:1007 type:b dur:2 cpbdur:2 q:35.40 aq:35.18 tex:9044 mv:7856 misc:2484 imb:143 pmb:650 smb:7367 d:- ref:0 ;
in:1007 out:1008 type:b dur:2 cpbdur:2 q:35.40 aq:37.90 tex:4775 mv:4528 misc:1849 imb:87 pmb:375 smb:7698 d:- ref:0 ;
in:1012 out:1009 type:P dur:2 cpbdur:2 q:35.40 aq:28.61 tex:36263 mv:18944 misc:6433 imb:358 pmb:2216 smb:5586 d:- ref:0 ;
in:1010 out:1010 type:B dur:2 cpbdur:2 q:35.40 aq:32.16 tex:2293 mv:5976 misc:2915 imb:41 pmb:668 smb:7451 d:- ref:0 ;
in:1009 out:1011 type:b dur:2 cpbdur:2 q:35.40 aq:30.22 tex:466 mv:2771 misc:2147 imb:16 pmb:444 smb:7700 d:- ref:0 ;
in:1011 out:1012 type:b dur:2 cpbdur:2 q:35.40 aq:35.47 tex:586 mv:1229 misc:953 imb:4 pmb:123 smb:8033 d:- ref:0 ;
in:1016 out:1013 type:P dur:2 cpbdur:2 q:35.40 aq:29.52 tex:217748 mv:30188 misc:5456 imb:597 pmb:3570 smb:3993 d:- ref:0 ;
in:1014 out:1014 type:B dur:2 cpbdur:2 q:35.40 aq:31.54 tex:2585 mv:6564 misc:3043 imb:25 pmb:675 smb:7460 d:- ref:0 ;
in:1013 out:1015 type:b dur:2 cpbdur:2 q:35.40 aq:33.72 tex:426 mv:1540 misc:1026 imb:0 pmb:144 smb:8016 d:- ref:0 ;
in:1015 out:1016 type:b dur:2 cpbdur:2 q:35.40 aq:35.04 tex:774 mv:1952 misc:1090 imb:2 pmb:175 smb:7983 d:- ref:0 ;
in:1020 out:1017 type:P dur:2 cpbdur:2 q:35.40 aq:29.62 tex:146898 mv:27775 misc:5735 imb:612 pmb:3495 smb:4053 d:- ref:0 ;
in:1018 out:1018 type:B dur:2 cpbdur:2 q:35.40 aq:32.66 tex:5747 mv:9038 misc:3215 imb:46 pmb:835 smb:7279 d:- ref:0 ;
in:1017 out:1019 type:b dur:2 cpbdur:2 q:35.40 aq:33.82 tex:1258 mv:3246 misc:1552 imb:7 pmb:287 smb:7866 d:- ref:0 ;
in:1019 out:1020 type:b dur:2 cpbdur:2 q:35.40 aq:34.78 tex:1259 mv:3718 misc:1711 imb:6 pmb:344 smb:7810 d:- ref:0 ;
in:1024 out:1021 type:P dur:2 cpbdur:2 q:35.40 aq:30.41 tex:109585 mv:24469 misc:5946 imb:502 pmb:2993 smb:4665 d:- ref:0 ;
in:1022 out:1022 type:B dur:2 cpbdur:2 q:35.40 aq:32.39 tex:5640 mv:9226 misc:3174 imb:29 pmb:813 smb:7318 d:- ref:0 ;
in:1021 out:1023 type:b dur:2 cpbdur:2 q:35.40 aq:33.00 tex:1511 mv:3149 misc:1468 imb:3 pmb:301 smb:7856 d:- ref:0 ;
in:1023 out:1024 type:b dur:2 cpbdur:2 q:35.40 aq:33.43 tex:2172 mv:3399 misc:1469 imb:12 pmb:283 smb:7865 d:- ref:0 ;
in:1028 out:1025 type:P dur:2 cpbdur:2 q:35.40 aq:28.99 tex:104339 mv:28452 misc:6521 imb:577 pmb:3242 smb:4341 d:- ref:0 ;
in:1026 out:1026 type:B dur:2 cpbdur:2 q:35.40 aq:31.66 tex:5896 mv:10275 misc:3677 imb:36 pmb:979 smb:7145 d:- ref:0 ;
in:1025 out:1027 type:b dur:2 cpbdur:2 q:35.40 aq:32.24 tex:2085 mv:4308 misc:1871 imb:15 pmb:382 smb:7763 d:- ref:0 ;
in:1027 out:1028 type:b dur:2 cpbdur:2 q:35.40 aq:34.28 tex:1291 mv:4032 misc:1813 imb:7 pmb:353 smb:7800 d:- ref:0 ;
in:1032 out:1029 type:P dur:2 cpbdur:2 q:35.40 aq:29.79 tex:49760 mv:19058 misc:5934 imb:274 pmb:2344 smb:5542 d:- ref:0 ;
in:1030 out:1030 type:B dur:2 cpbdur:2 q:35.40 aq:31.71 tex:3109 mv:6890 misc:3009 imb:18 pmb:722 smb:7420 d:- ref:0 ;
in:1029 out:1031 type:b dur:2 cpbdur:2 q:35.40 aq:32.39 tex:765 mv:2790 misc:1501 imb:4 pmb:275 smb:7881 d:- ref:0 ;
in:1031 out:1032 type:b dur:2 cpbdur:2 q:35.40 aq:35.93 tex:355 mv:1760 misc:1221 imb:0 pmb:191 smb:7969 d:- ref:0 ;
in:1036 out:1033 type:P dur:2 cpbdur:2 q:35.40 aq:30.51 tex:78596 mv:18062 misc:4966 imb:570 pmb:1647 smb:5943 d:- ref:0 ;
in:1034 out:1034 type:B dur:2 cpbdur:2 q:35.40 aq:31.73 tex:3964 mv:7053 misc:3143 imb:19 pmb:810 smb:7331 d:- ref:0 ;
in:1033 out:1035 type:b dur:2 cpbdur:2 q:35.40 aq:33.76 tex:504 mv:2057 misc:1327 imb:4 pmb:254 smb:7902 d:- ref:0 ;
in:1035 out:1036 type:b dur:2 cpbdur:2 q:35.40 aq:30.74 tex:1035 mv:1710 misc:1159 imb:3 pmb:181 smb:7976 d:- ref:0 ;
in:1040 out:1037 type:P dur:2 cpbdur:2 q:35.40 aq:32.80 tex:13266 mv:9808 misc:3502 imb:201 pmb:943 smb:7016 d:- ref:0 ;
in:1038 out:1038 type:B dur:2 cpbdur:2 q:35.40 aq:32.75 tex:5262 mv:8211 misc:3335 imb:23 pmb:809 smb:7328 d:- ref:0 ;
in:1037 out:1039 type:b dur:2 cpbdur:2 q:35.40 aq:33.69 tex:1333 mv:2059 misc:1224 imb:4 pmb:216 smb:7940 d:- ref:0 ;
in:1039 out:1040 type:b dur:2 cpbdur:2 q:35.40 aq:33.27 tex:2018 mv:2776 misc:1494 imb:7 pmb:273 smb:7880 d:- ref:0 ;
in:1041 out:1041 type:I dur:2 cpbdur:2 q:32.49 aq:24.93 tex:290764 mv:107001 misc:643 imb:8160 pmb:0 smb:0 d:- ref:;
in:1044 out:1042 type:P dur:2 cpbdur:2 q:35.40 aq:27.20 tex:20028 mv:13321 misc:4403 imb:540 pmb:1013 smb:6607 d:- ref:0 ;
in:1042 out:1043 type:B dur:2 cpbdur:2 q:35.40 aq:27.70 tex:971 mv:3458 misc:2587 imb:17 pmb:575 smb:7568 d:- ref:0 ;
in:1043 out:1044 type:b dur:2 cpbdur:2 q:35.40 aq:30.19 tex:878 mv:4140 misc:2198 imb:12 pmb:451 smb:7697 d:- ref:0 ;
in:1048 out:1045 type:P dur:2 cpbdur:2 q:35.40 aq:27.63 tex:29714 mv:16371 misc:4963 imb:719 pmb:1302 smb:6139 d:- ref:0 ;
in:1046 out:1046 type:B dur:2 cpbdur:2 q:35.40 aq:27.52 tex:1997 mv:6428 misc:3167 imb:94 pmb:660 smb:7406 d:- ref:0 ;
in:1045 out:1047 type:b dur:2 cpbdur:2 q:35.40 aq:27.37 tex:811 mv:3624 misc:2141 imb:34 pmb:406 smb:7720 d:- ref:0 ;
in:1047 out:1048 type:b dur:2 cpbdur:2 q:35.40 aq:30.42 tex:171 mv:1600 misc:1197 imb:7 pmb:184 smb:7969 d:- ref:0 ;
in:1052 out:1049 type:P dur:2 cpbdur:2 q:35.40 aq:27.36 tex:33041 mv:18599 misc:5584 imb:857 pmb:1453 smb:5850 d:- ref:0 ;
in:1050 out:1050 type:B dur:2 cpbdur:2 q:35.40 aq:27.51 tex:2776 mv:6168 misc:3216 imb:71 pmb:656 smb:7433 d:- ref:0 ;
in:1049 out:1051 type:b dur:2 cpbdur:2 q:35.40 aq:29.82 tex:817 mv:2733 misc:1754 imb:14 pmb:328 smb:7818 d:- ref:0 ;
in:1051 out:1052 type:b dur:2 cpbdur:2 q:35.40 aq:31.18 tex:548 mv:2142 misc:1534 imb:7 pmb:290 smb:7863 d:- ref:0 ;
in:1056 out:1053 type:P dur:2 cpbdur:2 q:35.40 aq:27.18 tex:39756 mv:22287 misc:6525 imb:1337 pmb:1590 smb:5233 d:- ref:0 ;
in:1054 out:1054 type:B dur:2 cpbdur:2 q:35.40 aq:28.61 tex:3570 mv:6838 misc:3296 imb:87 pmb:703 smb:7370 d:- ref:0 ;
in:1053 out:1055 type:b dur:2 cpbdur:2 q:35.40 aq:29.30 tex:711 mv:2841 misc:1952 imb:24 pmb:377 smb:7759 d:- ref:0 ;
in:1055 out:1056 type:b dur:2 cpbdur:2 q:35.40 aq:29.05 tex:1677 mv:4240 misc:2267 imb:38 pmb:448 smb:7674 d:- ref:0 ;
in:1060 out:1057 type:P dur:2 cpbdur:2 q:35.40 aq:27.34 tex:35738 mv:19455 misc:6079 imb:1001 pmb:1508 smb:5651 d:- ref:0 ;
in:1058 out:1058 type:B dur:2 cpbdur:2 q:35.40 aq:28.18 tex:3504 mv:6855 misc:3161 imb:132 pmb:594 smb:7434 d:- ref:0 ;
in:1057 out:1059 type:b dur:2 cpbdur:2 q:35.40 aq:29.23 tex:869 mv:2912 misc:1779 imb:21 pmb:315 smb:7824 d:- ref:0 ;
in:1059 out:1060 type:b dur:2 cpbdur:2 q:35.40 aq:27.80 tex:1514 mv:4228 misc:2554 imb:51 pmb:561 smb:7548 d:- ref:0 ;
in:1064 out:1061 type:P dur:2 cpbdur:2 q:35.40 aq:28.14 tex:39475 mv:23619 misc:6346 imb:1651 pmb:1555 smb:4954 d:- ref:0 ;
in:1062 out:1062 type:B dur:2 cpbdur:2 q:35.40 aq:28.48 tex:3416 mv:8357 misc:3699 imb:153 pmb:784 smb:7223 d:- ref:0 ;
in:1061 out:1063 type:b dur:2 cpbdur:2 q:35.40 aq:28.60 tex:1296 mv:3873 misc:2759 imb:59 pmb:544 smb:7557 d:- ref:0 ;
in:1063 out:1064 type:b dur:2 cpbdur:2 q:35.40 aq:29.27 tex:848 mv:3042 misc:1790 imb:56 pmb:329 smb:7775 d:- ref:0 ;
in:1068 out:1065 type:P dur:2 cpbdur:2 q:35.40 aq:28.41 tex:36768 mv:26024 misc:5952 imb:2219 pmb:1479 smb:4462 d:- ref:0 ;
in:1066 out:1066 type:B dur:2 cpbdur:2 q:35.40 aq:30.02 tex:4029 mv:10389 misc:4126 imb:237 pmb:894 smb:7029 d:- ref:0 ;
in:1065 out:1067 type:b dur:2 cpbdur:2 q:35.40 aq:29.90 tex:1382 mv:4927 misc:2299 imb:88 pmb:446 smb:7626 d:- ref:0 ;
in:1067 out:1068 type:b dur:2 cpbdur:2 q:35.40 aq:28.26 tex:651 mv:2539 misc:1458 imb:28 pmb:238 smb:7894 d:- ref:0 ;
in:1072 out:1069 type:P dur:2 cpbdur:2 q:35.40 aq:28.13 tex:37590 mv:27631 misc:6819 imb:1418 pmb:1980 smb:4762 d:- ref:0 ;
in:1070 out:1070 type:B dur:2 cpbdur:2 q:35.40 aq:29.07 tex:3109 mv:7853 misc:3718 imb:94 pmb:783 smb:7283 d:- ref:0 ;
in:1069 out:1071 type:b dur:2 cpbdur:2 q:35.40 aq:29.54 tex:1063 mv:2627 misc:1966 imb:37 pmb:332 smb:7791 d:- ref:0 ;
in:1071 out:1072 type:b dur:2 cpbdur:2 q:35.40 aq:28.39 tex:776 mv:2257 misc:1871 imb:19 pmb:282 smb:7859 d:- ref:0 ;
in:1076 out:1073 type:P dur:2 cpbdur:2 q:35.40 aq:27.51 tex:32462 mv:23415 misc:7099 imb:1294 pmb:1779 smb:5087 d:- ref:0 ;
in:1074 out:1074 type:B dur:2 cpbdur:2 q:35.40 aq:29.74 tex:1851 mv:5119 misc:2854 imb:45 pmb:574 smb:7541 d:- ref:0 ;
in:1073 out:1075 type:b dur:2 cpbdur:2 q:35.40 aq:31.49 tex:809 mv:2211 misc:1796 imb:12 pmb:306 smb:7842 d:- ref:0 ;
in:1075 out:1076 type:b dur:2 cpbdur:2 q:35.40 aq:30.60 tex:1422 mv:2266 misc:1784 imb:38 pmb:275 smb:7847 d:- ref:0 ;
in:1080 out:1077 type:P dur:2 cpbdur:2 q:35.40 aq:27.86 tex:23466 mv:19147 misc:6435 imb:908 pmb:1428 smb:5824 d:- ref:0 ;
in:1078 out:1078 type:B dur:2 cpbdur:2 q:35.40 aq:30.36 tex:1860 mv:4128 misc:2372 imb:39 pmb:418 smb:7703 d:- ref:0 ;
in:1077 out:1079 type:b dur:2 cpbdur:2 q:35.40 aq:27.26 tex:576 mv:2246 misc:1490 imb:12 pmb:269 smb:7879 d:- ref:0 ;
in:1079 out:1080 type:b dur:2 cpbdur:2 q:35.40 aq:31.17 tex:822 mv:1979 misc:1535 imb:10 pmb:253 smb:7897 d:- ref:0 ;
in:1084 out:1081 type:P dur:2 cpbdur:2 q:35.40 aq:28.75 tex:24385 mv:16887 misc:5888 imb:758 pmb:1286 smb:6116 d:- ref:0 ;
in:1082 out:1082 type:B dur:2 cpbdur:2 q:35.40 aq:29.84 tex:4643 mv:6220 misc:3161 imb:95 pmb:643 smb:7422 d:- ref:0 ;
in:1081 out:1083 type:b dur:2 cpbdur:2 q:35.40 aq:28.69 tex:1329 mv:2417 misc:1774 imb:26 pmb:297 smb:7837 d:- ref:0 ;
in:1083 out:1084 type:b dur:2 cpbdur:2 q:35.40 aq:30.54 tex:2629 mv:2811 misc:1696 imb:22 pmb:302 smb:7836 d:- ref:0 ;
in:1088 out:1085 type:P dur:2 cpbdur:2 q:35.40 aq:31.33 tex:90598 mv:22832 misc:5410 imb:1530 pmb:1192 smb:5438 d:- ref:0 ;
in:1086 out:1086 type:B dur:2 cpbdur:2 q:35.40 aq:29.89 tex:23466 mv:11962 misc:4172 imb:259 pmb:1017 smb:6884 d:- ref:0 ;
in:1085 out:1087 type:b dur:2 cpbdur:2 q:35.40 aq:30.07 tex:8472 mv:6481 misc:2543 imb:79 pmb:647 smb:7434 d:- ref:0 ;
in:1087 out:1088 type:b dur:2 cpbdur:2 q:35.40 aq:33.65 tex:23247 mv:8460 misc:1677 imb:102 pmb:605 smb:7453 d:- ref:0 ;
in:1091 out:1089 type:P dur:2 cpbdur:2 q:35.40 aq:32.75 tex:402559 mv:38664 misc:3777 imb:3764 pmb:1076 smb:3320 d:- ref:0 ;
in:1089 out:1090 type:B dur:2 cpbdur:2 q:35.40 aq:33.07 tex:85068 mv:24481 misc:3475 imb:646 pmb:1274 smb:6240 d:- ref:0 ;
in:1090 out:1091 type:b dur:2 cpbdur:2 q:35.40 aq:34.57 tex:98213 mv:37572 misc:3551 imb:754 pmb:1919 smb:5487 d:- ref:0 ;
in:1092 out:1092 type:P dur:2 cpbdur:2 q:35.40 aq:33.15 tex:443565 mv:56796 misc:2847 imb:2536 pmb:3236 smb:2388 d:- ref:0 ;
in:1093 out:1093 type:P dur:2 cpbdur:2 q:35.40 aq:31.90 tex:495751 mv:64563 misc:2398 imb:2444 pmb:4544 smb:1172 d:- ref:0 ;
in:1094 out:1094 type:P dur:2 cpbdur:2 q:35.40 aq:30.98 tex:386661 mv:62647 misc:2748 imb:1707 pmb:5671 smb:782 d:- ref:0 ;
in:1095 out:1095 type:P dur:2 cpbdur:2 q:35.40 aq:29.99 tex:306144 mv:55099 misc:3637 imb:930 pmb:6119 smb:1111 d:- ref:0 ;
in:1099 out:1096 type:P dur:2 cpbdur:2 q:35.40 aq:29.36 tex:293985 mv:53542 misc:3641 imb:639 pmb:6415 smb:1106 d:- ref:0 ;
in:1097 out:1097 type:B dur:2 cpbdur:2 q:35.40 aq:36.50 tex:5540 mv:6506 misc:3914 imb:8 pmb:939 smb:7213 d:- ref:0 ;
in:1096 out:1098 type:b dur:2 cpbdur:2 q:35.40 aq:37.10 tex:13700 mv:27154 misc:6954 imb:71 pmb:2601 smb:5488 d:- ref:0 ;
in:1098 out:1099 type:b dur:2 cpbdur:2 q:35.40 aq:37.53 tex:1466 mv:6768 misc:3726 imb:2 pmb:812 smb:7346 d:- ref:0 ;
in:1103 out:1100 type:P dur:2 cpbdur:2 q:35.40 aq:28.60 tex:293864 mv:50442 misc:4446 imb:627 pmb:6242 smb:1291 d:- ref:0 ;
in:1101 out:1101 type:B dur:2 cpbdur:2 q:35.40 aq:35.44 tex:17035 mv:24894 misc:6487 imb:59 pmb:2191 smb:5910 d:- ref:0 ;
in:1100 out:1102 type:b dur:2 cpbdur:2 q:35.40 aq:37.98 tex:6789 mv:12083 misc:4512 imb:13 pmb:1140 smb:7007 d:- ref:0 ;
in:1102 out:1103 type:b dur:2 cpbdur:2 q:35.40 aq:40.32 tex:8357 mv:13687 misc:4924 imb:13 pmb:1318 smb:6829 d:- ref:0 ;
in:1107 out:1104 type:P dur:2 cpbdur:2 q:35.40 aq:28.64 tex:278427 mv:34036 misc:6281 imb:409 pmb:5502 smb:2249 d:- ref:0 ;
in:1105 out:1105 type:B dur:2 cpbdur:2 q:35.40 aq:31.45 tex:1092 mv:5971 misc:3801 imb:5 pmb:995 smb:7160 d:- ref:0 ;
in:1104 out:1106 type:b dur:2 cpbdur:2 q:35.40 aq:36.59 tex:6137 mv:14944 misc:4575 imb:6 pmb:1834 smb:6320 d:- ref:0 ;
in:1106 out:1107 type:b dur:2 cpbdur:2 q:35.40 aq:38.30 tex:68 mv:634 misc:882 imb:1 pmb:89 smb:8070 d:- ref:0 ;
in:1111 out:1108 type:P dur:2 cpbdur:2 q:35.40 aq:28.59 tex:113938 mv:15358 misc:7784 imb:56 pmb:4308 smb:3796 d:- ref:0 ;
in:1109 out:1109 type:B dur:2 cpbdur:2 q:35.40 aq:34.86 tex:233 mv:969 misc:1750 imb:0 pmb:318 smb:7842 d:- ref:0 ;
in:1108 out:1110 type:b dur:2 cpbdur:2 q:35.40 aq:30.10 tex:51 mv:9 misc:404 imb:0 pmb:2 smb:8158 d:- ref:0 ;
in:1110 out:1111 type:b dur:2 cpbdur:2 q:35.40 aq:37.00 tex:0 mv:0 misc:384 imb:0 pmb:0 smb:8160 d:- ref:0 ;
in:1115 out:1112 type:P dur:2 cpbdur:2 q:35.40 aq:28.69 tex:85584 mv:14002 misc:7830 imb:56 pmb:3687 smb:4417 d:- ref:0 ;
in:1113 out:1113 type:B dur:2 cpbdur:2 q:35.40 aq:37.27 tex:151 mv:1064 misc:1841 imb:0 pmb:332 smb:7828 d:- ref:0 ;
in:1112 out:1114 type:b dur:2 cpbdur:2 q:35.40 aq:36.00 tex:0 mv:0 misc:384 imb:0 pmb:0 smb:8160 d:- ref:0 ;
in:1114 out:1115 type:b dur:2 cpbdur:2 q:35.40 aq:32.71 tex:28 mv:8 misc:404 imb:0 pmb:2 smb:8158 d:- ref:0 ;
in:1119 out:1116 type:P dur:2 cpbdur:2 q:35.40 aq:28.72 tex:69543 mv:13793 misc:7720 imb:43 pmb:3442 smb:4675 d:- ref:0 ;
in:1117 out:1117 type:B dur:2 cpbdur:2 q:35.40 aq:35.17 tex:102 mv:1187 misc:1615 imb:0 pmb:268 smb:7892 d:- ref:0 ;
in:1116 out:1118 type:b dur:2 cpbdur:2 q:35.40 aq:34.00 tex:0 mv:7 misc:393 imb:0 pmb:1 smb:8159 d:- ref:0 ;
in:1118 out:1119 type:b dur:2 cpbdur:2 q:35.40 aq:31.85 tex:16 mv:5 misc:395 imb:0 pmb:1 smb:8159 d:- ref:0 ;
in:1123 out:1120 type:P dur:2 cpbdur:2 q:35.40 aq:29.16 tex:59943 mv:12542 misc:7339 imb:54 pmb:3081 smb:5025 d:- ref:0 ;
in:1121 out:1121 type:B dur:2 cpbdur:2 q:35.40 aq:32.25 tex:133 mv:1080 misc:1435 imb:0 pmb:217 smb:7943 d:- ref:0 ;
in:1120 out:1122 type:b dur:2 cpbdur:2 q:35.40 aq:25.37 tex:27 mv:11 misc:394 imb:1 pmb:0 smb:8159 d:- ref:0 ;
in:1122 out:1123 type:b dur:2 cpbdur:2 q:35.40 aq:33.00 tex:0 mv:0 misc:384 imb:0 pmb:0 smb:8160 d:- ref:0 ;
in:1127 out:1124 type:P dur:2 cpbdur:2 q:35.40 aq:28.78 tex:56959 mv:14138 misc:7599 imb:113 pmb:3122 smb:4925 d:- ref:0 ;
in:1125 out:1125 type:B dur:2 cpbdur:2 q:35.40 aq:35.07 tex:120 mv:797 misc:1259 imb:0 pmb:183 smb:7977 d:- ref:0 ;
in:1124 out:1126 type:b dur:2 cpbdur:2 q:35.40 aq:33.00 tex:1 mv:21 misc:410 imb:0 pmb:3 smb:8157 d:- ref:0 ;
in:1126 out:1127 type:b dur:2 cpbdur:2 q:35.40 aq:32.00 tex:0 mv:0 misc:384 imb:0 pmb:0 smb:8160 d:- ref:0 ;
in:1131 out:1128 type:P dur:2 cpbdur:2 q:35.40 aq:29.30 tex:43421 mv:11533 misc:6926 imb:68 pmb:2591 smb:5501 d:- ref:0 ;
in:1129 out:1129 type:B dur:2 cpbdur:2 q:35.40 aq:37.29 tex:111 mv:930 misc:1503 imb:0 pmb:242 smb:7918 d:- ref:0 ;
in:1128 out:1130 type:b dur:2 cpbdur:2 q:35.40 aq:32.00 tex:1 mv:29 misc:402 imb:0 pmb:3 smb:8157 d:- ref:0 ;
in:1130 out:1131 type:b dur:2 cpbdur:2 q:35.40 aq:32.00 tex:1 mv:21 misc:402 imb:0 pmb:2 smb:8158 d:- ref:0 ;
in:1135 out:1132 type:P dur:2 cpbdur:2 q:35.40 aq:30.56 tex:38589 mv:11279 misc:6380 imb:89 pmb:2288 smb:5783 d:- ref:0 ;
in:1133 out:1133 type:B dur:2 cpbdur:2 q:35.40 aq:31.88 tex:620 mv:1661 misc:1671 imb:4 pmb:300 smb:7856 d:- ref:0 ;
in:1132 out:1134 type:b dur:2 cpbdur:2 q:35.40 aq:26.60 tex:50 mv:49 misc:437 imb:1 pmb:5 smb:8154 d:- ref:0 ;
in:1134 out:1135 type:b dur:2 cpbdur:2 q:35.40 aq:31.73 tex:58 mv:173 misc:521 imb:1 pmb:57 smb:8102 d:- ref:0 ;
in:1139 out:1136 type:P dur:2 cpbdur:2 q:35.40 aq:31.82 tex:27159 mv:9344 misc:5857 imb:38 pmb:1976 smb:6146 d:- ref:0 ;
in:1137 out:1137 type:B dur:2 cpbdur:2 q:35.40 aq:33.00 tex:28 mv:933 misc:1463 imb:0 pmb:222 smb:7938 d:- ref:0 ;
in:1136 out:1138 type:b dur:2 cpbdur:2 q:35.40 aq:35.00 tex:2 mv:83 misc:467 imb:0 pmb:12 smb:8148 d:- ref:0 ;
in:1138 out:1139 type:b dur:2 cpbdur:2 q:35.40 aq:36.92 tex:33 mv:77 misc:458 imb:0 pmb:12 smb:8148 d:- ref:0 ;
in:1143 out:1140 type:P dur:2 cpbdur:2 q:35.40 aq:32.50 tex:33657 mv:18041 misc:7166 imb:140 pmb:2764 smb:5256 d:- ref:0 ;
in:1141 out:1141 type:B dur:2 cpbdur:2 q:35.40 aq:38.05 tex:3238 mv:6163 misc:4727 imb:1 pmb:1229 smb:6930 d:- ref:0 ;
in:1140 out:1142 type:b dur:2 cpbdur:2 q:35.40 aq:36.90 tex:188 mv:173 misc:503 imb:1 pmb:19 smb:8140 d:- ref:0 ;
in:1142 out:1143 type:b dur:2 cpbdur:2 q:35.40 aq:40.62 tex:1945 mv:6609 misc:3510 imb:2 pmb:756 smb:7402 d:- ref:0 ;
in:1147 out:1144 type:P dur:2 cpbdur:2 q:35.40 aq:32.23 tex:58817 mv:38746 misc:6493 imb:302 pmb:4951 smb:2907 d:- ref:0 ;
in:1145 out:1145 type:B dur:2 cpbdur:2 q:35.40 aq:35.44 tex:14893 mv:24799 misc:6796 imb:62 pmb:2341 smb:5757 d:- ref:0 ;
in:1144 out:1146 type:b dur:2 cpbdur:2 q:35.40 aq:39.01 tex:7672 mv:12512 misc:4856 imb:20 pmb:1327 smb:6813 d:- ref:0 ;
in:1146 out:1147 type:b dur:2 cpbdur:2 q:35.40 aq:36.72 tex:7546 mv:13548 misc:4762 imb:32 pmb:1263 smb:6865 d:- ref:0 ;
in:1151 out:1148 type:P dur:2 cpbdur:2 q:35.40 aq:34.00 tex:47511 mv:14970 misc:6087 imb:223 pmb:1963 smb:5974 d:- ref:0 ;
in:1149 out:1149 type:B dur:2 cpbdur:2 q:35.40 aq:35.66 tex:17050 mv:24029 misc:7057 imb:65 pmb:2581 smb:5514 d:- ref:0 ;
in:1148 out:1150 type:b dur:2 cpbdur:2 q:35.40 aq:38.99 tex:4699 mv:9231 misc:4046 imb:3 pmb:1042 smb:7115 d:- ref:0 ;
in:1150 out:1151 type:b dur:2 cpbdur:2 q:35.40 aq:36.47 tex:3539 mv:12280 misc:5565 imb:19 pmb:1548 smb:6593 d:- ref:0 ;
in:1152 out:1152 type:P dur:2 cpbdur:2 q:35.40 aq:33.38 tex:50174 mv:31675 misc:7367 imb:439 pmb:3441 smb:4280 d:- ref:0 ;
in:1153 out:1153 type:P dur:2 cpbdur:2 q:35.40 aq:35.02 tex:85905 mv:42360 misc:6135 imb:1192 pmb:4208 smb:2760 d:- ref:0 ;
in:1154 out:1154 type:P dur:2 cpbdur:2 q:35.40 aq:34.42 tex:128743 mv:50280 misc:4785 imb:1880 pmb:4167 smb:2113 d:- ref:0 ;
in:1155 out:1155 type:P dur:2 cpbdur:2 q:35.40 aq:33.98 tex:176280 mv:50642 misc:3174 imb:2878 pmb:3242 smb:2040 d:- ref:0 ;
in:1156 out:1156 type:P dur:2 cpbdur:2 q:35.40 aq:32.51 tex:196620 mv:42121 misc:2235 imb:3143 pmb:1959 smb:3058 d:- ref:0 ;
in:1159 out:1157 type:P dur:2 cpbdur:2 q:35.40 aq:27.93 tex:98395 mv:15545 misc:1084 imb:3691 pmb:229 smb:4240 d:- ref:0 ;
in:1157 out:1158 type:B dur:2 cpbdur:2 q:35.40 aq:36.93 tex:112548 mv:32331 misc:2097 imb:838 pmb:1577 smb:5745 d:- ref:0 ;
in:1158 out:1159 type:b dur:2 cpbdur:2 q:35.40 aq:35.47 tex:48940 mv:20798 misc:1734 imb:252 pmb:1189 smb:6719 d:- ref:0 ;
in:1163 out:1160 type:P dur:2 cpbdur:2 q:35.40 aq:27.69 tex:17158 mv:3727 misc:1027 imb:723 pmb:85 smb:7352 d:- ref:0 ;
in:1161 out:1161 type:B dur:2 cpbdur:2 q:35.40 aq:33.48 tex:17954 mv:4029 misc:1105 imb:122 pmb:364 smb:7674 d:- ref:0 ;
in:1160 out:1162 type:b dur:2 cpbdur:2 q:35.40 aq:33.39 tex:19220 mv:7261 misc:999 imb:82 pmb:491 smb:7587 d:- ref:0 ;
in:1162 out:1163 type:b dur:2 cpbdur:2 q:35.40 aq:36.94 tex:5541 mv:2470 misc:717 imb:18 pmb:217 smb:7925 d:- ref:0 ;
in:1166 out:1164 type:P dur:2 cpbdur:2 q:35.40 aq:33.90 tex:33782 mv:5841 misc:1113 imb:772 pmb:225 smb:7163 d:- ref:0 ;
in:1164 out:1165 type:B dur:2 cpbdur:2 q:35.40 aq:33.96 tex:2491 mv:1307 misc:1050 imb:26 pmb:345 smb:7789 d:- ref:0 ;
in:1165 out:1166 type:b dur:2 cpbdur:2 q:35.40 aq:33.11 tex:1608 mv:1069 misc:987 imb:30 pmb:325 smb:7805 d:- ref:0 ;
in:1167 out:1167 type:I dur:2 cpbdur:2 q:32.49 aq:26.66 tex:139323 mv:45415 misc:550 imb:8160 pmb:0 smb:0 d:- ref:;
in:1168 out:1168 type:P dur:2 cpbdur:2 q:35.40 aq:29.77 tex:249661 mv:23115 misc:2560 imb:4818 pmb:255 smb:3087 d:- ref:0 ;
in:1169 out:1169 type:P dur:2 cpbdur:2 q:35.40 aq:30.19 tex:317704 mv:29643 misc:2549 imb:3760 pmb:625 smb:3775 d:- ref:0 ;
in:1170 out:1170 type:P dur:2 cpbdur:2 q:35.40 aq:30.19 tex:340895 mv:33770 misc:2647 imb:3489 pmb:885 smb:3786 d:- ref:0 ;
in:1171 out:1171 type:P dur:2 cpbdur:2 q:35.40 aq:29.97 tex:77873 mv:20484 misc:5251 imb:1215 pmb:1730 smb:5215 d:- ref:0 ;
in:1172 out:1172 type:P dur:2 cpbdur:2 q:35.40 aq:29.82 tex:56008 mv:21661 misc:5155 imb:938 pmb:1912 smb:5310 d:- ref:0 ;
in:1173 out:1173 type:P dur:2 cpbdur:2 q:35.40 aq:30.13 tex:45408 mv:23101 misc:5195 imb:823 pmb:2089 smb:5248 d:- ref:0 ;
in:1174 out:1174 type:P dur:2 cpbdur:2 q:35.40 aq:29.82 tex:51382 mv:24968 misc:4922 imb:856 pmb:2196 smb:5108 d:- ref:0 ;
in:1175 out:1175 type:P dur:2 cpbdur:2 q:35.40 aq:30.81 tex:98294 mv:29779 misc:4567 imb:1095 pmb:2530 smb:4535 d:- ref:0 ;
in:1176 out:1176 type:P dur:2 cpbdur:2 q:35.40 aq:29.92 tex:123405 mv:34628 misc:4351 imb:1549 pmb:2564 smb:4047 d:- ref:0 ;
in:1177 out:1177 type:P dur:2 cpbdur:2 q:35.40 aq:30.05 tex:189199 mv:38508 misc:4309 imb:1925 pmb:2609 smb:3626 d:- ref:0 ;
in:1178 out:1178 type:P dur:2 cpbdur:2 q:35.40 aq:29.18 tex:173923 mv:36133 misc:4864 imb:1461 pmb:2935 smb:3764 d:- ref:0 ;
in:1179 out:1179 type:P dur:2 cpbdur:2 q:35.40 aq:28.37 tex:133751 mv:30546 misc:5143 imb:953 pmb:3108 smb:4099 d:- ref:0 ;
in:1181 out:1180 type:P dur:2 cpbdur:2 q:35.40 aq:28.44 tex:109107 mv:28844 misc:5617 imb:843 pmb:3142 smb:4175 d:- ref:0 ;
in:1180 out:1181 type:b dur:2 cpbdur:2 q:35.40 aq:30.38 tex:4444 mv:13886 misc:4174 imb:123 pmb:1240 smb:6797 d:- ref:0 ;
in:1185 out:1182 type:P dur:2 cpbdur:2 q:35.40 aq:29.14 tex:72120 mv:24483 misc:5765 imb:625 pmb:2758 smb:4777 d:- ref:0 ;
in:1183 out:1183 type:B dur:2 cpbdur:2 q:35.40 aq:30.23 tex:6453 mv:13477 misc:4638 imb:97 pmb:1348 smb:6715 d:- ref:0 ;
in:1182 out:1184 type:b dur:2 cpbdur:2 q:35.40 aq:32.92 tex:1561 mv:5655 misc:2616 imb:81 pmb:567 smb:7512 d:- ref:0 ;
in:1184 out:1185 type:b dur:2 cpbdur:2 q:35.40 aq:31.83 tex:3005 mv:9037 misc:3414 imb:58 pmb:949 smb:7153 d:- ref:0 ;
in:1186 out:1186 type:P dur:2 cpbdur:2 q:35.40 aq:29.63 tex:48041 mv:16401 misc:6198 imb:479 pmb:2067 smb:5614 d:- ref:0 ;
in:1188 out:1187 type:P dur:2 cpbdur:2 q:35.40 aq:29.12 tex:72985 mv:17646 misc:5649 imb:730 pmb:1908 smb:5522 d:- ref:0 ;
in:1187 out:1188 type:b dur:2 cpbdur:2 q:35.40 aq:30.15 tex:4580 mv:8961 misc:3139 imb:124 pmb:902 smb:7134 d:- ref:0 ;
in:1189 out:1189 type:P dur:2 cpbdur:2 q:35.40 aq:29.30 tex:55661 mv:16015 misc:5572 imb:590 pmb:1680 smb:5890 d:- ref:0 ;
in:1190 out:1190 type:P dur:2 cpbdur:2 q:35.40 aq:29.18 tex:44587 mv:15951 misc:5358 imb:688 pmb:1517 smb:5955 d:- ref:0 ;
in:1191 out:1191 type:P dur:2 cpbdur:2 q:35.40 aq:29.19 tex:58000 mv:19096 misc:5440 imb:857 pmb:1761 smb:5542 d:- ref:0 ;
in:1192 out:1192 type:P dur:2 cpbdur:2 q:35.40 aq:29.91 tex:58862 mv:19699 misc:5487 imb:976 pmb:1692 smb:5492 d:- ref:0 ;
in:1193 out:1193 type:P dur:2 cpbdur:2 q:35.40 aq:30.97 tex:73841 mv:23144 misc:5223 imb:1487 pmb:1695 smb:4978 d:- ref:0 ;
in:1194 out:1194 type:P dur:2 cpbdur:2 q:35.40 aq:30.89 tex:97641 mv:26979 misc:5348 imb:1714 pmb:1908 smb:4538 d:- ref:0 ;
in:1195 out:1195 type:P dur:2 cpbdur:2 q:35.40 aq:29.87 tex:119330 mv:27094 misc:5696 imb:1395 pmb:2475 smb:4290 d:- ref:0 ;
in:1196 out:1196 type:P dur:2 cpbdur:2 q:35.40 aq:29.51 tex:87249 mv:23364 misc:6203 imb:982 pmb:2468 smb:4710 d:- ref:0 ;
in:1197 out:1197 type:P dur:2 cpbdur:2 q:35.40 aq:28.79 tex:78238 mv:23423 misc:6379 imb:983 pmb:2562 smb:4615 d:- ref:0 ;
in:1201 out:1198 type:P dur:2 cpbdur:2 q:35.40 aq:28.54 tex:219713 mv:37836 misc:5947 imb:1328 pmb:3818 smb:3014 d:- ref:0 ;
in:1199 out:1199 type:B dur:2 cpbdur:2 q:35.40 aq:29.78 tex:10458 mv:12876 misc:4546 imb:118 pmb:1207 smb:6835 d:- ref:0 ;
in:1198 out:1200 type:b dur:2 cpbdur:2 q:35.40 aq:34.36 tex:8075 mv:9415 misc:3382 imb:150 pmb:830 smb:7180 d:- ref:0 ;
in:1200 out:1201 type:b dur:2 cpbdur:2 q:35.40 aq:30.03 tex:2784 mv:6702 misc:3842 imb:39 pmb:886 smb:7235 d:- ref:0 ;
in:1205 out:1202 type:P dur:2 cpbdur:2 q:35.40 aq:29.39 tex:98274 mv:28731 misc:6611 imb:733 pmb:3101 smb:4326 d:- ref:0 ;
in:1203 out:1203 type:B dur:2 cpbdur:2 q:35.40 aq:32.28 tex:10962 mv:14363 misc:5019 imb:119 pmb:1400 smb:6641 d:- ref:0 ;
in:1202 out:1204 type:b dur:2 cpbdur:2 q:35.40 aq:34.83 tex:2685 mv:7006 misc:3445 imb:75 pmb:789 smb:7296 d:- ref:0 ;
in:1204 out:1205 type:b dur:2 cpbdur:2 q:35.40 aq:35.11 tex:2871 mv:8110 misc:3547 imb:23 pmb:823 smb:7314 d:- ref:0 ;
in:1208 out:1206 type:P dur:2 cpbdur:2 q:35.40 aq:29.84 tex:79684 mv:25749 misc:6471 imb:517 pmb:2849 smb:4794 d:- ref:0 ;
in:1206 out:1207 type:B dur:2 cpbdur:2 q:35.40 aq:33.55 tex:7076 mv:11645 misc:4183 imb:103 pmb:1104 smb:6953 d:- ref:0 ;
in:1207 out:1208 type:b dur:2 cpbdur:2 q:35.40 aq:33.05 tex:4100 mv:6477 misc:2743 imb:28 pmb:614 smb:7518 d:- ref:0 ;
in:1210 out:1209 type:P dur:2 cpbdur:2 q:35.40 aq:30.76 tex:95242 mv:24897 misc:6173 imb:456 pmb:2712 smb:4992 d:- ref:0 ;
in:1209 out:1210 type:b dur:2 cpbdur:2 q:35.40 aq:33.28 tex:4639 mv:8393 misc:2720 imb:14 pmb:686 smb:7460 d:- ref:0 ;
in:1211 out:1211 type:P dur:2 cpbdur:2 q:35.40 aq:30.73 tex:70549 mv:21736 misc:6227 imb:405 pmb:2547 smb:5208 d:- ref:0 ;
in:1212 out:1212 type:P dur:2 cpbdur:2 q:35.40 aq:30.63 tex:66656 mv:23985 misc:6391 imb:558 pmb:2629 smb:4973 d:- ref:0 ;
in:1215 out:1213 type:P dur:2 cpbdur:2 q:35.40 aq:30.53 tex:159622 mv:33936 misc:5706 imb:1317 pmb:2525 smb:4318 d:- ref:0 ;
in:1213 out:1214 type:B dur:2 cpbdur:2 q:35.40 aq:33.71 tex:25774 mv:21417 misc:4353 imb:121 pmb:1615 smb:6424 d:- ref:0 ;
in:1214 out:1215 type:b dur:2 cpbdur:2 q:35.40 aq:35.06 tex:14103 mv:16779 misc:3806 imb:53 pmb:1288 smb:6819 d:- ref:0 ;
in:1217 out:1216 type:P dur:2 cpbdur:2 q:35.40 aq:30.92 tex:127522 mv:29724 misc:5530 imb:875 pmb:2545 smb:4740 d:- ref:0 ;
in:1216 out:1217 type:b dur:2 cpbdur:2 q:35.40 aq:33.47 tex:11695 mv:17835 misc:4110 imb:220 pmb:1259 smb:6681 d:- ref:0 ;
in:1218 out:1218 type:P dur:2 cpbdur:2 q:35.40 aq:31.21 tex:63547 mv:22443 misc:6106 imb:447 pmb:2502 smb:5211 d:- ref:0 ;
in:1219 out:1219 type:P dur:2 cpbdur:2 q:35.40 aq:31.23 tex:68849 mv:22210 misc:5829 imb:455 pmb:2535 smb:5170 d:- ref:0 ;
in:1220 out:1220 type:P dur:2 cpbdur:2 q:35.40 aq:31.74 tex:66902 mv:23684 misc:5934 imb:502 pmb:2563 smb:5095 d:- ref:0 ;
in:1221 out:1221 type:P dur:2 cpbdur:2 q:35.40 aq:31.67 tex:64156 mv:25459 misc:6169 imb:698 pmb:2636 smb:4826 d:- ref:0 ;
in:1222 out:1222 type:P dur:2 cpbdur:2 q:35.40 aq:31.64 tex:71208 mv:25869 misc:5859 imb:629 pmb:2668 smb:4863 d:- ref:0 ;
in:1223 out:1223 type:P dur:2 cpbdur:2 q:35.40 aq:32.34 tex:73228 mv:25713 misc:5707 imb:529 pmb:2693 smb:4938 d:- ref:0 ;
in:1224 out:1224 type:P dur:2 cpbdur:2 q:35.40 aq:32.28 tex:71600 mv:25570 misc:5678 imb:463 pmb:2722 smb:4975 d:- ref:0 ;
in:1225 out:1225 type:P dur:2 cpbdur:2 q:35.40 aq:30.63 tex:126487 mv:32442 misc:6271 imb:1118 pmb:3205 smb:3837 d:- ref:0 ;
in:1226 out:1226 type:P dur:2 cpbdur:2 q:35.40 aq:30.89 tex:84497 mv:27226 misc:5941 imb:678 pmb:2902 smb:4580 d:- ref:0 ;
in:1227 out:1227 type:P dur:2 cpbdur:2 q:35.40 aq:31.07 tex:104386 mv:29132 misc:5858 imb:705 pmb:2969 smb:4486 d:- ref:0 ;
in:1228 out:1228 type:P dur:2 cpbdur:2 q:35.40 aq:31.31 tex:84414 mv:27414 misc:5996 imb:481 pmb:3056 smb:4623 d:- ref:0 ;
in:1229 out:1229 type:P dur:2 cpbdur:2 q:35.40 aq:31.27 tex:109682 mv:28309 misc:5705 imb:541 pmb:3238 smb:4381 d:- ref:0 ;
in:1230 out:1230 type:P dur:2 cpbdur:2 q:35.40 aq:30.91 tex:108799 mv:28380 misc:5933 imb:607 pmb:3144 smb:4409 d:- ref:0 ;
in:1231 out:1231 type:P dur:2 cpbdur:2 q:35.40 aq:30.54 tex:81723 mv:28396 misc:6281 imb:712 pmb:3141 smb:4307 d:- ref:0 ;
in:1232 out:1232 type:P dur:2 cpbdur:2 q:35.40 aq:30.73 tex:117885 mv:27670 misc:5741 imb:549 pmb:3261 smb:4350 d:- ref:0 ;
in:1233 out:1233 type:P dur:2 cpbdur:2 q:35.40 aq:30.72 tex:109899 mv:25130 misc:6019 imb:439 pmb:3144 smb:4577 d:- ref:0 ;
in:1234 out:1234 type:P dur:2 cpbdur:2 q:35.40 aq:31.01 tex:74847 mv:23754 misc:6327 imb:383 pmb:3011 smb:4766 d:- ref:0 ;
in:1235 out:1235 type:P dur:2 cpbdur:2 q:35.40 aq:30.73 tex:121390 mv:26608 misc:6130 imb:533 pmb:3220 smb:4407 d:- ref:0 ;
in:1236 out:1236 type:P dur:2 cpbdur:2 q:35.40 aq:30.31 tex:137773 mv:27149 misc:6262 imb:662 pmb:3207 smb:4291 d:- ref:0 ;
in:1237 out:1237 type:P dur:2 cpbdur:2 q:35.40 aq:30.46 tex:90220 mv:25828 misc:6368 imb:528 pmb:3156 smb:4476 d:- ref:0 ;
in:1238 out:1238 type:P dur:2 cpbdur:2 q:35.40 aq:30.55 tex:103366 mv:26202 misc:6008 imb:434 pmb:3340 smb:4386 d:- ref:0 ;
in:1240 out:1239 type:P dur:2 cpbdur:2 q:35.40 aq:30.22 tex:136754 mv:33112 misc:6046 imb:755 pmb:3510 smb:3895 d:- ref:0 ;
in:1239 out:1240 type:b dur:2 cpbdur:2 q:35.40 aq:34.07 tex:3546 mv:12493 misc:4009 imb:41 pmb:1040 smb:7079 d:- ref:0 ;
in:1242 out:1241 type:P dur:2 cpbdur:2 q:35.40 aq:30.08 tex:153203 mv:34030 misc:5871 imb:944 pmb:3548 smb:3668 d:- ref:0 ;
in:1241 out:1242 type:b dur:2 cpbdur:2 q:35.40 aq:31.84 tex:4695 mv:12044 misc:3949 imb:95 pmb:987 smb:7078 d:- ref:0 ;
in:1244 out:1243 type:P dur:2 cpbdur:2 q:35.40 aq:29.98 tex:131809 mv:33196 misc:6123 imb:693 pmb:3636 smb:3831 d:- ref:0 ;
in:1243 out:1244 type:b dur:2 cpbdur:2 q:35.40 aq:33.32 tex:4460 mv:11730 misc:3986 imb:44 pmb:1026 smb:7090 d:- ref:0 ;
in:1246 out:1245 type:P dur:2 cpbdur:2 q:35.40 aq:30.24 tex:170115 mv:34906 misc:5955 imb:984 pmb:3507 smb:3669 d:- ref:0 ;
in:1245 out:1246 type:b dur:2 cpbdur:2 q:35.40 aq:33.26 tex:5818 mv:14610 misc:4500 imb:179 pmb:1187 smb:6794 d:- ref:0 ;
in:1248 out:1247 type:P dur:2 cpbdur:2 q:35.40 aq:30.71 tex:169051 mv:37366 misc:5927 imb:923 pmb:3791 smb:3446 d:- ref:0 ;
in:1247 out:1248 type:b dur:2 cpbdur:2 q:35.40 aq:32.59 tex:9754 mv:14833 misc:4477 imb:77 pmb:1257 smb:6826 d:- ref:0 ;
in:1249 out:1249 type:P dur:2 cpbdur:2 q:35.40 aq:31.00 tex:95550 mv:26563 misc:6455 imb:512 pmb:3244 smb:4404 d:- ref:0 ;
in:1251 out:1250 type:P dur:2 cpbdur:2 q:35.40 aq:30.02 tex:192837 mv:40329 misc:5850 imb:1110 pmb:3972 smb:3078 d:- ref:0 ;
in:1250 out:1251 type:b dur:2 cpbdur:2 q:35.40 aq:31.91 tex:11995 mv:16173 misc:4808 imb:202 pmb:1351 smb:6607 d:- ref:0 ;
in:1252 out:1252 type:P dur:2 cpbdur:2 q:35.40 aq:30.53 tex:103802 mv:25989 misc:6561 imb:553 pmb:3251 smb:4356 d:- ref:0 ;
in:1254 out:1253 type:P dur:2 cpbdur:2 q:35.40 aq:30.27 tex:165506 mv:35867 misc:6171 imb:846 pmb:3652 smb:3662 d:- ref:0 ;
in:1253 out:1254 type:b dur:2 cpbdur:2 q:35.40 aq:33.10 tex:10239 mv:14768 misc:4433 imb:81 pmb:1242 smb:6837 d:- ref:0 ;
in:1255 out:1255 type:P dur:2 cpbdur:2 q:35.40 aq:30.80 tex:115688 mv:25814 misc:6666 imb:525 pmb:3275 smb:4360 d:- ref:0 ;
in:1257 out:1256 type:P dur:2 cpbdur:2 q:35.40 aq:30.17 tex:175055 mv:37176 misc:6145 imb:1079 pmb:3678 smb:3403 d:- ref:0 ;
in:1256 out:1257 type:b dur:2 cpbdur:2 q:35.40 aq:31.07 tex:10606 mv:13869 misc:4285 imb:98 pmb:1153 smb:6909 d:- ref:0 ;
in:1258 out:1258 type:P dur:2 cpbdur:2 q:35.40 aq:30.58 tex:112165 mv:26861 misc:6534 imb:600 pmb:3305 smb:4255 d:- ref:0 ;
in:1260 out:1259 type:P dur:2 cpbdur:2 q:35.40 aq:30.14 tex:169958 mv:38332 misc:5982 imb:1095 pmb:3848 smb:3217 d:- ref:0 ;
in:1259 out:1260 type:b dur:2 cpbdur:2 q:35.40 aq:33.27 tex:11751 mv:12994 misc:4047 imb:95 pmb:1087 smb:6978 d:- ref:0 ;
in:1262 out:1261 type:P dur:2 cpbdur:2 q:35.40 aq:30.18 tex:139180 mv:35785 misc:6403 imb:979 pmb:3648 smb:3533 d:- ref:0 ;
in:1261 out:1262 type:b dur:2 cpbdur:2 q:35.40 aq:31.95 tex:12970 mv:13648 misc:4326 imb:93 pmb:1163 smb:6904 d:- ref:0 ;
in:1264 out:1263 type:P dur:2 cpbdur:2 q:35.40 aq:30.25 tex:161416 mv:38973 misc:6035 imb:1057 pmb:3776 smb:3327 d:- ref:0 ;
in:1263 out:1264 type:b dur:2 cpbdur:2 q:35.40 aq:32.04 tex:13214 mv:14399 misc:4331 imb:93 pmb:1167 smb:6900 d:- ref:0 ;
in:1266 out:1265 type:P dur:2 cpbdur:2 q:35.40 aq:30.00 tex:167762 mv:38813 misc:6193 imb:994 pmb:3849 smb:3317 d:- ref:0 ;
in:1265 out:1266 type:b dur:2 cpbdur:2 q:35.40 aq:30.96 tex:11517 mv:15184 misc:4731 imb:178 pmb:1281 smb:6701 d:- ref:0 ;
in:1268 out:1267 type:P dur:2 cpbdur:2 q:35.40 aq:29.97 tex:181373 mv:38718 misc:5845 imb:1305 pmb:3626 smb:3229 d:- ref:0 ;
in:1267 out:1268 type:b dur:2 cpbdur:2 q:35.40 aq:33.17 tex:14672 mv:16520 misc:4400 imb:268 pmb:1294 smb:6598 d:- ref:0 ;
in:1271 out:1269 type:P dur:2 cpbdur:2 q:35.40 aq:30.00 tex:216515 mv:43861 misc:5616 imb:1331 pmb:3912 smb:2917 d:- ref:0 ;
in:1269 out:1270 type:B dur:2 cpbdur:2 q:35.40 aq:31.93 tex:19667 mv:19881 misc:5508 imb:130 pmb:1739 smb:6291 d:- ref:0 ;
in:1270 out:1271 type:b dur:2 cpbdur:2 q:35.40 aq:31.47 tex:11548 mv:13872 misc:4412 imb:94 pmb:1204 smb:6862 d:- ref:0 ;
in:1275 out:1272 type:P dur:2 cpbdur:2 q:35.40 aq:29.67 tex:242751 mv:48918 misc:4875 imb:1990 pmb:3982 smb:2188 d:- ref:0 ;
in:1273 out:1273 type:B dur:2 cpbdur:2 q:35.40 aq:31.46 tex:27222 mv:22746 misc:5848 imb:143 pmb:1954 smb:6063 d:- ref:0 ;
in:1272 out:1274 type:b dur:2 cpbdur:2 q:35.40 aq:32.65 tex:12106 mv:12721 misc:4333 imb:71 pmb:1159 smb:6930 d:- ref:0 ;
in:1274 out:1275 type:b dur:2 cpbdur:2 q:35.40 aq:31.58 tex:11382 mv:10953 misc:3865 imb:77 pmb:1005 smb:7078 d:- ref:0 ;
in:1277 out:1276 type:P dur:2 cpbdur:2 q:35.40 aq:29.72 tex:126436 mv:34321 misc:6499 imb:792 pmb:3606 smb:3762 d:- ref:0 ;
in:1276 out:1277 type:b dur:2 cpbdur:2 q:35.40 aq:30.21 tex:11956 mv:11299 misc:3977 imb:65 pmb:1058 smb:7037 d:- ref:0 ;
in:1279 out:1278 type:P dur:2 cpbdur:2 q:35.40 aq:29.80 tex:145088 mv:37541 misc:6459 imb:1095 pmb:3642 smb:3423 d:- ref:0 ;
in:1278 out:1279 type:b dur:2 cpbdur:2 q:35.40 aq:29.93 tex:13856 mv:12682 misc:4070 imb:128 pmb:1096 smb:6936 d:- ref:0 ;
in:1282 out:1280 type:P dur:2 cpbdur:2 q:35.40 aq:29.62 tex:186476 mv:44621 misc:5655 imb:1621 pmb:3833 smb:2706 d:- ref:0 ;
in:1280 out:1281 type:B dur:2 cpbdur:2 q:35.40 aq:31.02 tex:17858 mv:16754 misc:4844 imb:123 pmb:1454 smb:6583 d:- ref:0 ;
in:1281 out:1282 type:b dur:2 cpbdur:2 q:35.40 aq:30.45 tex:13737 mv:13318 misc:4193 imb:78 pmb:1184 smb:6898 d:- ref:0 ;
in:1286 out:1283 type:P dur:2 cpbdur:2 q:35.40 aq:29.39 tex:211241 mv:45774 misc:5313 imb:1656 pmb:3879 smb:2625 d:- ref:0 ;
in:1284 out:1284 type:B dur:2 cpbdur:2 q:35.40 aq:30.74 tex:23101 mv:19015 misc:5380 imb:179 pmb:1633 smb:6348 d:- ref:0 ;
in:1283 out:1285 type:b dur:2 cpbdur:2 q:35.40 aq:31.11 tex:12794 mv:12170 misc:4196 imb:74 pmb:1139 smb:6947 d:- ref:0 ;
in:1285 out:1286 type:b dur:2 cpbdur:2 q:35.40 aq:30.95 tex:13126 mv:11082 misc:4160 imb:97 pmb:1084 smb:6979 d:- ref:0 ;
in:1290 out:1287 type:P dur:2 cpbdur:2 q:35.40 aq:29.29 tex:209786 mv:42006 misc:5560 imb:1506 pmb:3792 smb:2862 d:- ref:0 ;
in:1288 out:1288 type:B dur:2 cpbdur:2 q:35.40 aq:31.31 tex:23471 mv:16939 misc:5222 imb:141 pmb:1604 smb:6415 d:- ref:0 ;
in:1287 out:1289 type:b dur:2 cpbdur:2 q:35.40 aq:31.65 tex:10355 mv:9922 misc:3851 imb:81 pmb:998 smb:7081 d:- ref:0 ;
in:1289 out:1290 type:b dur:2 cpbdur:2 q:35.40 aq:32.52 tex:9866 mv:10131 misc:3563 imb:109 pmb:924 smb:7127 d:- ref:0 ;
in:1294 out:1291 type:P dur:2 cpbdur:2 q:35.40 aq:29.41 tex:186505 mv:40873 misc:5990 imb:1461 pmb:3659 smb:3040 d:- ref:0 ;
in:1292 out:1292 type:B dur:2 cpbdur:2 q:35.40 aq:30.63 tex:26084 mv:17564 misc:5056 imb:212 pmb:1528 smb:6420 d:- ref:0 ;
in:1291 out:1293 type:b dur:2 cpbdur:2 q:35.40 aq:31.11 tex:5054 mv:8454 misc:3652 imb:64 pmb:853 smb:7243 d:- ref:0 ;
in:1293 out:1294 type:b dur:2 cpbdur:2 q:35.40 aq:30.39 tex:7774 mv:9231 misc:3451 imb:55 pmb:908 smb:7197 d:- ref:0 ;
in:1298 out:1295 type:P dur:2 cpbdur:2 q:35.40 aq:29.31 tex:326832 mv:42260 misc:5556 imb:1298 pmb:3628 smb:3234 d:- ref:0 ;
in:1296 out:1296 type:B dur:2 cpbdur:2 q:35.40 aq:31.12 tex:27092 mv:24427 misc:5441 imb:140 pmb:1883 smb:6137 d:- ref:0 ;
in:1295 out:1297 type:b dur:2 cpbdur:2 q:35.40 aq:33.07 tex:11852 mv:13519 misc:4373 imb:78 pmb:1242 smb:6840 d:- ref:0 ;
in:1297 out:1298 type:b dur:2 cpbdur:2 q:35.40 aq:33.48 tex:11755 mv:12079 misc:4150 imb:52 pmb:1153 smb:6955 d:- ref:0 ;
in:1302 out:1299 type:P dur:2 cpbdur:2 q:35.40 aq:28.81 tex:258393 mv:38874 misc:5701 imb:1136 pmb:3883 smb:3141 d:- ref:0 ;
in:1300 out:1300 type:B dur:2 cpbdur:2 q:35.40 aq:31.25 tex:22367 mv:16613 misc:5164 imb:131 pmb:1567 smb:6462 d:- ref:0 ;
in:1299 out:1301 type:b dur:2 cpbdur:2 q:35.40 aq:30.53 tex:5961 mv:9283 misc:3628 imb:34 pmb:868 smb:7258 d:- ref:0 ;
in:1301 out:1302 type:b dur:2 cpbdur:2 q:35.40 aq:33.51 tex:3790 mv:7224 misc:3306 imb:28 pmb:760 smb:7372 d:- ref:0 ;
in:1306 out:1303 type:P dur:2 cpbdur:2 q:35.40 aq:29.12 tex:156161 mv:31810 misc:6253 imb:831 pmb:3491 smb:3838 d:- ref:0 ;
in:1304 out:1304 type:B dur:2 cpbdur:2 q:35.40 aq:31.03 tex:6384 mv:11550 misc:4258 imb:89 pmb:1083 smb:6988 d:- ref:0 ;
in:1303 out:1305 type:b dur:2 cpbdur:2 q:35.40 aq:32.70 tex:1094 mv:5301 misc:2805 imb:8 pmb:592 smb:7560 d:- ref:0 ;
in:1305 out:1306 type:b dur:2 cpbdur:2 q:35.40 aq:32.64 tex:1030 mv:4323 misc:2383 imb:17 pmb:457 smb:7686 d:- ref:0 ;
in:1310 out:1307 type:P dur:2 cpbdur:2 q:35.40 aq:28.84 tex:115144 mv:30319 misc:6729 imb:888 pmb:3325 smb:3947 d:- ref:0 ;
in:1308 out:1308 type:B dur:2 cpbdur:2 q:35.40 aq:30.43 tex:9417 mv:11998 misc:4529 imb:93 pmb:1227 smb:6840 d:- ref:0 ;
in:1307 out:1309 type:b dur:2 cpbdur:2 q:35.40 aq:27.08 tex:1390 mv:3384 misc:1794 imb:16 pmb:327 smb:7817 d:- ref:0 ;
in:1309 out:1310 type:b dur:2 cpbdur:2 q:35.40 aq:32.50 tex:1241 mv:4254 misc:2401 imb:7 pmb:464 smb:7689 d:- ref:0 ;
in:1314 out:1311 type:P dur:2 cpbdur:2 q:35.40 aq:29.24 tex:105232 mv:27569 misc:6727 imb:686 pmb:2958 smb:4516 d:- ref:0 ;
in:1312 out:1312 type:B dur:2 cpbdur:2 q:35.40 aq:31.21 tex:11204 mv:11584 misc:4332 imb:76 pmb:1166 smb:6918 d:- ref:0 ;
in:1311 out:1313 type:b dur:2 cpbdur:2 q:35.40 aq:34.69 tex:3335 mv:4284 misc:2157 imb:6 pmb:436 smb:7718 d:- ref:0 ;
in:1313 out:1314 type:b dur:2 cpbdur:2 q:35.40 aq:31.43 tex:547 mv:2027 misc:1458 imb:8 pmb:236 smb:7916 d:- ref:0 ;
in:1318 out:1315 type:P dur:2 cpbdur:2 q:35.40 aq:29.94 tex:87628 mv:21316 misc:6568 imb:728 pmb:2125 smb:5307 d:- ref:0 ;
in:1316 out:1316 type:B dur:2 cpbdur:2 q:35.40 aq:31.86 tex:7172 mv:8995 misc:4001 imb:48 pmb:1016 smb:7096 d:- ref:0 ;
in:1315 out:1317 type:b dur:2 cpbdur:2 q:35.40 aq:29.85 tex:641 mv:3317 misc:2178 imb:13 pmb:414 smb:7733 d:- ref:0 ;
in:1317 out:1318 type:b dur:2 cpbdur:2 q:35.40 aq:28.42 tex:762 mv:3246 misc:2128 imb:8 pmb:430 smb:7722 d:- ref:0 ;
in:1322 out:1319 type:P dur:2 cpbdur:2 q:35.40 aq:31.15 tex:31987 mv:20605 misc:6176 imb:732 pmb:1769 smb:5659 d:- ref:0 ;
in:1320 out:1320 type:B dur:2 cpbdur:2 q:35.40 aq:31.26 tex:8347 mv:13025 misc:5084 imb:126 pmb:1326 smb:6708 d:- ref:0 ;
in:1319 out:1321 type:b dur:2 cpbdur:2 q:35.40 aq:32.68 tex:1016 mv:3025 misc:2047 imb:7 pmb:364 smb:7789 d:- ref:0 ;
in:1321 out:1322 type:b dur:2 cpbdur:2 q:35.40 aq:31.83 tex:1699 mv:6294 misc:3119 imb:35 pmb:688 smb:7437 d:- ref:0 ;
in:1323 out:1323 type:P dur:2 cpbdur:2 q:35.40 aq:32.67 tex:57462 mv:18011 misc:5767 imb:944 pmb:1540 smb:5676 d:- ref:0 ;
in:1326 out:1324 type:P dur:2 cpbdur:2 q:35.40 aq:32.01 tex:109927 mv:41253 misc:2780 imb:5918 pmb:886 smb:1356 d:- ref:0 ;
in:1324 out:1325 type:B dur:2 cpbdur:2 q:35.40 aq:32.90 tex:28988 mv:29807 misc:6501 imb:609 pmb:2177 smb:5374 d:- ref:0 ;
in:1325 out:1326 type:b dur:2 cpbdur:2 q:35.40 aq:32.96 tex:22880 mv:32978 misc:6750 imb:774 pmb:2182 smb:5204 d:- ref:0 ;
in:1327 out:1327 type:P dur:2 cpbdur:2 q:35.40 aq:31.94 tex:62266 mv:41435 misc:4443 imb:4775 pmb:1406 smb:1979 d:- ref:0 ;
in:1328 out:1328 type:P dur:2 cpbdur:2 q:35.40 aq:30.65 tex:72527 mv:35047 misc:674 imb:7921 pmb:220 smb:19 d:- ref:0 ;
in:1329 out:1329 type:P dur:2 cpbdur:2 q:35.40 aq:31.09 tex:74893 mv:36921 misc:714 imb:7671 pmb:458 smb:31 d:- ref:0 ;
in:1330 out:1330 type:P dur:2 cpbdur:2 q:35.40 aq:31.43 tex:93428 mv:46325 misc:1695 imb:6931 pmb:905 smb:324 d:- ref:0 ;
in:1331 out:1331 type:P dur:2 cpbdur:2 q:35.40 aq:31.78 tex:125872 mv:54197 misc:2339 imb:6113 pmb:1493 smb:554 d:- ref:0 ;
in:1332 out:1332 type:I dur:2 cpbdur:2 q:32.49 aq:28.14 tex:251104 mv:125826 misc:638 imb:8160 pmb:0 smb:0 d:- ref:;
in:1333 out:1333 type:P dur:2 cpbdur:2 q:35.40 aq:30.37 tex:159977 mv:50748 misc:5043 imb:2033 pmb:3841 smb:2286 d:- ref:0 ;
in:1334 out:1334 type:P dur:2 cpbdur:2 q:35.40 aq:29.69 tex:187603 mv:47881 misc:5396 imb:1241 pmb:4734 smb:2185 d:- ref:0 ;
in:1335 out:1335 type:P dur:2 cpbdur:2 q:35.40 aq:29.29 tex:133346 mv:36648 misc:6534 imb:511 pmb:4775 smb:2874 d:- ref:0 ;
in:1339 out:1336 type:P dur:2 cpbdur:2 q:35.40 aq:29.30 tex:189430 mv:44923 misc:5551 imb:749 pmb:5229 smb:2182 d:- ref:0 ;
in:1337 out:1337 type:B dur:2 cpbdur:2 q:35.40 aq:31.97 tex:8206 mv:18239 misc:5747 imb:58 pmb:1919 smb:6183 d:- ref:0 ;
in:1336 out:1338 type:b dur:2 cpbdur:2 q:35.40 aq:33.49 tex:2600 mv:11023 misc:4361 imb:18 pmb:1175 smb:6967 d:- ref:0 ;
in:1338 out:1339 type:b dur:2 cpbdur:2 q:35.40 aq:34.59 tex:2668 mv:8519 misc:3813 imb:14 pmb:1012 smb:7134 d:- ref:0 ;
in:1343 out:1340 type:P dur:2 cpbdur:2 q:35.40 aq:29.34 tex:135411 mv:41305 misc:6596 imb:669 pmb:4726 smb:2765 d:- ref:0 ;
in:1341 out:1341 type:B dur:2 cpbdur:2 q:35.40 aq:33.08 tex:7472 mv:16009 misc:5215 imb:38 pmb:1641 smb:6481 d:- ref:0 ;
in:1340 out:1342 type:b dur:2 cpbdur:2 q:35.40 aq:34.27 tex:2159 mv:8207 misc:3418 imb:9 pmb:873 smb:7278 d:- ref:0 ;
in:1342 out:1343 type:b dur:2 cpbdur:2 q:35.40 aq:34.67 tex:2405 mv:8187 misc:3472 imb:9 pmb:915 smb:7236 d:- ref:0 ;
in:1347 out:1344 type:P dur:2 cpbdur:2 q:35.40 aq:29.54 tex:106300 mv:38308 misc:6848 imb:515 pmb:4365 smb:3280 d:- ref:0 ;
in:1345 out:1345 type:B dur:2 cpbdur:2 q:35.40 aq:32.39 tex:6564 mv:15581 misc:5239 imb:33 pmb:1553 smb:6574 d:- ref:0 ;
in:1344 out:1346 type:b dur:2 cpbdur:2 q:35.40 aq:35.05 tex:2221 mv:7881 misc:3402 imb:8 pmb:818 smb:7334 d:- ref:0 ;
in:1346 out:1347 type:b dur:2 cpbdur:2 q:35.40 aq:35.09 tex:1908 mv:7898 misc:3530 imb:5 pmb:901 smb:7254 d:- ref:0 ;
in:1351 out:1348 type:P dur:2 cpbdur:2 q:35.40 aq:29.69 tex:85166 mv:35840 misc:7218 imb:526 pmb:4010 smb:3624 d:- ref:0 ;
in:1349 out:1349 type:B dur:2 cpbdur:2 q:35.40 aq:33.13 tex:5544 mv:14423 misc:4705 imb:22 pmb:1435 smb:6703 d:- ref:0 ;
in:1348 out:1350 type:b dur:2 cpbdur:2 q:35.40 aq:35.26 tex:1482 mv:7380 misc:3226 imb:8 pmb:761 smb:7391 d:- ref:0 ;
in:1350 out:1351 type:b dur:2 cpbdur:2 q:35.40 aq:34.37 tex:1774 mv:6108 misc:2894 imb:12 pmb:671 smb:7477 d:- ref:0 ;
in:1355 out:1352 type:P dur:2 cpbdur:2 q:35.40 aq:30.08 tex:105859 mv:43024 misc:6973 imb:779 pmb:4258 smb:3123 d:- ref:0 ;
in:1353 out:1353 type:B dur:2 cpbdur:2 q:35.40 aq:33.07 tex:10654 mv:19849 misc:5441 imb:78 pmb:1800 smb:6282 d:- ref:0 ;
in:1352 out:1354 type:b dur:2 cpbdur:2 q:35.40 aq:34.16 tex:2144 mv:8869 misc:3459 imb:11 pmb:870 smb:7279 d:- ref:0 ;
in:1354 out:1355 type:b dur:2 cpbdur:2 q:35.40 aq:33.68 tex:2850 mv:10175 misc:3591 imb:21 pmb:945 smb:7194 d:- ref:0 ;
in:1359 out:1356 type:P dur:2 cpbdur:2 q:35.40 aq:31.06 tex:83207 mv:39640 misc:7073 imb:633 pmb:3947 smb:3580 d:- ref:0 ;
in:1357 out:1357 type:B dur:2 cpbdur:2 q:35.40 aq:33.18 tex:11837 mv:22211 misc:6016 imb:64 pmb:2091 smb:6005 d:- ref:0 ;
in:1356 out:1358 type:b dur:2 cpbdur:2 q:35.40 aq:34.91 tex:2651 mv:10258 misc:3731 imb:16 pmb:955 smb:7189 d:- ref:0 ;
in:1358 out:1359 type:b dur:2 cpbdur:2 q:35.40 aq:34.59 tex:3249 mv:10469 misc:3810 imb:19 pmb:1021 smb:7120 d:- ref:0 ;
in:1363 out:1360 type:P dur:2 cpbdur:2 q:35.40 aq:33.36 tex:58430 mv:31357 misc:6645 imb:637 pmb:2928 smb:4595 d:- ref:0 ;
in:1361 out:1361 type:B dur:2 cpbdur:2 q:35.40 aq:33.58 tex:17340 mv:24444 misc:6032 imb:116 pmb:2177 smb:5867 d:- ref:0 ;
in:1360 out:1362 type:b dur:2 cpbdur:2 q:35.40 aq:34.77 tex:3524 mv:10007 misc:3621 imb:12 pmb:928 smb:7220 d:- ref:0 ;
in:1362 out:1363 type:b dur:2 cpbdur:2 q:35.40 aq:34.45 tex:5251 mv:12382 misc:4119 imb:56 pmb:1186 smb:6918 d:- ref:0 ;
in:1364 out:1364 type:P dur:2 cpbdur:2 q:35.40 aq:32.32 tex:339005 mv:52329 misc:1114 imb:6775 pmb:1263 smb:122 d:- ref:0 ;
in:1365 out:1365 type:P dur:2 cpbdur:2 q:35.40 aq:30.54 tex:311392 mv:50042 misc:1190 imb:6142 pmb:1317 smb:701 d:- ref:0 ;
in:1366 out:1366 type:P dur:2 cpbdur:2 q:35.40 aq:24.72 tex:524647 mv:48236 misc:717 imb:5970 pmb:1086 smb:1104 d:- ref:0 ;
in:1370 out:1367 type:P dur:2 cpbdur:2 q:35.40 aq:29.29 tex:148517 mv:34998 misc:5357 imb:839 pmb:3606 smb:3715 d:- ref:0 ;
in:1368 out:1368 type:B dur:2 cpbdur:2 q:35.40 aq:30.88 tex:6493 mv:14599 misc:4652 imb:64 pmb:1471 smb:6625 d:- ref:0 ;
in:1367 out:1369 type:b dur:2 cpbdur:2 q:35.40 aq:34.02 tex:3091 mv:9997 misc:3328 imb:27 pmb:912 smb:7221 d:- ref:0 ;
in:1369 out:1370 type:b dur:2 cpbdur:2 q:35.40 aq:33.16 tex:2272 mv:5712 misc:2792 imb:44 pmb:610 smb:7506 d:- ref:0 ;
in:1374 out:1371 type:P dur:2 cpbdur:2 q:35.40 aq:28.63 tex:160220 mv:31676 misc:5656 imb:630 pmb:3636 smb:3894 d:- ref:0 ;
in:1372 out:1372 type:B dur:2 cpbdur:2 q:35.40 aq:31.35 tex:4218 mv:11359 misc:3855 imb:39 pmb:1069 smb:7052 d:- ref:0 ;
in:1371 out:1373 type:b dur:2 cpbdur:2 q:35.40 aq:33.10 tex:1512 mv:5098 misc:2470 imb:21 pmb:512 smb:7627 d:- ref:0 ;
in:1373 out:1374 type:b dur:2 cpbdur:2 q:35.40 aq:32.01 tex:1924 mv:5745 misc:2699 imb:27 pmb:609 smb:7524 d:- ref:0 ;
in:1378 out:1375 type:P dur:2 cpbdur:2 q:35.40 aq:28.21 tex:95400 mv:29398 misc:6002 imb:361 pmb:3648 smb:4151 d:- ref:0 ;
in:1376 out:1376 type:B dur:2 cpbdur:2 q:35.40 aq:31.57 tex:4185 mv:11242 misc:3749 imb:21 pmb:1051 smb:7088 d:- ref:0 ;
in:1375 out:1377 type:b dur:2 cpbdur:2 q:35.40 aq:30.80 tex:1199 mv:4516 misc:2085 imb:9 pmb:437 smb:7714 d:- ref:0 ;
in:1377 out:1378 type:b dur:2 cpbdur:2 q:35.40 aq:38.64 tex:1177 mv:5264 misc:2359 imb:4 pmb:542 smb:7614 d:- ref:0 ;
in:1382 out:1379 type:P dur:2 cpbdur:2 q:35.40 aq:28.53 tex:78190 mv:28293 misc:5541 imb:297 pmb:3511 smb:4352 d:- ref:0 ;
in:1380 out:1380 type:B dur:2 cpbdur:2 q:35.40 aq:29.93 tex:4064 mv:11035 misc:3725 imb:24 pmb:1085 smb:7051 d:- ref:0 ;
in:1379 out:1381 type:b dur:2 cpbdur:2 q:35.40 aq:38.57 tex:1294 mv:4890 misc:2200 imb:2 pmb:478 smb:7680 d:- ref:0 ;
in:1381 out:1382 type:b dur:2 cpbdur:2 q:35.40 aq:31.72 tex:1045 mv:5169 misc:2234 imb:8 pmb:526 smb:7626 d:- ref:0 ;
in:1386 out:1383 type:P dur:2 cpbdur:2 q:35.40 aq:28.53 tex:73992 mv:27945 misc:5383 imb:311 pmb:3419 smb:4430 d:- ref:0 ;
in:1384 out:1384 type:B dur:2 cpbdur:2 q:35.40 aq:29.37 tex:4110 mv:10954 misc:3576 imb:23 pmb:986 smb:7151 d:- ref:0 ;
in:1383 out:1385 type:b dur:2 cpbdur:2 q:35.40 aq:38.11 tex:1497 mv:4820 misc:2179 imb:1 pmb:499 smb:7660 d:- ref:0 ;
in:1385 out:1386 type:b dur:2 cpbdur:2 q:35.40 aq:33.45 tex:1105 mv:4088 misc:1871 imb:6 pmb:375 smb:7779 d:- ref:0 ;
in:1390 out:1387 type:P dur:2 cpbdur:2 q:35.40 aq:26.29 tex:80655 mv:30531 misc:5318 imb:474 pmb:3499 smb:4187 d:- ref:0 ;
in:1388 out:1388 type:B dur:2 cpbdur:2 q:35.40 aq:33.03 tex:5535 mv:11437 misc:3844 imb:21 pmb:1114 smb:7025 d:- ref:0 ;
in:1387 out:1389 type:b dur:2 cpbdur:2 q:35.40 aq:37.25 tex:1230 mv:4648 misc:1986 imb:7 pmb:426 smb:7727 d:- ref:0 ;
in:1389 out:1390 type:b dur:2 cpbdur:2 q:35.40 aq:38.16 tex:1248 mv:5582 misc:2426 imb:3 pmb:554 smb:7603 d:- ref:0 ;
in:1394 out:1391 type:P dur:2 cpbdur:2 q:35.40 aq:29.07 tex:81465 mv:29357 misc:5354 imb:383 pmb:3503 smb:4274 d:- ref:0 ;
in:1392 out:1392 type:B dur:2 cpbdur:2 q:35.40 aq:35.23 tex:4047 mv:11328 misc:3553 imb:39 pmb:1003 smb:7118 d:- ref:0 ;
in:1391 out:1393 type:b dur:2 cpbdur:2 q:35.40 aq:37.86 tex:976 mv:4886 misc:2178 imb:4 pmb:485 smb:7671 d:- ref:0 ;
in:1393 out:1394 type:b dur:2 cpbdur:2 q:35.40 aq:36.54 tex:1546 mv:5085 misc:2393 imb:4 pmb:542 smb:7614 d:- ref:0 ;
in:1398 out:1395 type:P dur:2 cpbdur:2 q:35.40 aq:28.40 tex:81961 mv:27688 misc:5343 imb:287 pmb:3410 smb:4463 d:- ref:0 ;
in:1396 out:1396 type:B dur:2 cpbdur:2 q:35.40 aq:29.41 tex:4447 mv:11291 misc:3558 imb:25 pmb:1020 smb:7115 d:- ref:0 ;
in:1395 out:1397 type:b dur:2 cpbdur:2 q:35.40 aq:35.82 tex:1077 mv:4438 misc:2085 imb:4 pmb:411 smb:7745 d:- ref:0 ;
in:1397 out:1398 type:b dur:2 cpbdur:2 q:35.40 aq:37.47 tex:1143 mv:5036 misc:2301 imb:5 pmb:515 smb:7640 d:- ref:0 ;
in:1402 out:1399 type:P dur:2 cpbdur:2 q:35.40 aq:28.23 tex:78102 mv:28835 misc:5591 imb:346 pmb:3447 smb:4367 d:- ref:0 ;
in:1400 out:1400 type:B dur:2 cpbdur:2 q:35.40 aq:31.62 tex:5210 mv:10915 misc:3451 imb:39 pmb:959 smb:7162 d:- ref:0 ;
in:1399 out:1401 type:b dur:2 cpbdur:2 q:35.40 aq:37.69 tex:1259 mv:4061 misc:1832 imb:1 pmb:378 smb:7781 d:- ref:0 ;
in:1401 out:1402 type:b dur:2 cpbdur:2 q:35.40 aq:38.74 tex:1733 mv:5168 misc:2195 imb:5 pmb:506 smb:7649 d:- ref:0 ;
in:1406 out:1403 type:P dur:2 cpbdur:2 q:35.40 aq:28.03 tex:69428 mv:27530 misc:5466 imb:276 pmb:3301 smb:4583 d:- ref:0 ;
in:1404 out:1404 type:B dur:2 cpbdur:2 q:35.40 aq:29.90 tex:4766 mv:10687 misc:3363 imb:15 pmb:952 smb:7193 d:- ref:0 ;
in:1403 out:1405 type:b dur:2 cpbdur:2 q:35.40 aq:32.14 tex:1994 mv:4704 misc:2158 imb:6 pmb:447 smb:7707 d:- ref:0 ;
in:1405 out:1406 type:b dur:2 cpbdur:2 q:35.40 aq:38.35 tex:1212 mv:4705 misc:2019 imb:1 pmb:459 smb:7700 d:- ref:0 ;
in:1410 out:1407 type:P dur:2 cpbdur:2 q:35.40 aq:27.05 tex:72189 mv:27391 misc:5404 imb:280 pmb:3308 smb:4572 d:- ref:0 ;
in:1408 out:1408 type:B dur:2 cpbdur:2 q:35.40 aq:34.65 tex:5824 mv:11584 misc:3608 imb:29 pmb:1041 smb:7090 d:- ref:0 ;
in:1407 out:1409 type:b dur:2 cpbdur:2 q:35.40 aq:38.28 tex:1811 mv:5118 misc:2207 imb:3 pmb:469 smb:7688 d:- ref:0 ;
in:1409 out:1410 type:b dur:2 cpbdur:2 q:35.40 aq:32.08 tex:1938 mv:5277 misc:2337 imb:5 pmb:535 smb:7620 d:- ref:0 ;
in:1414 out:1411 type:P dur:2 cpbdur:2 q:35.40 aq:26.98 tex:76005 mv:27916 misc:5351 imb:286 pmb:3371 smb:4503 d:- ref:0 ;
in:1412 out:1412 type:B dur:2 cpbdur:2 q:35.40 aq:35.72 tex:5420 mv:11901 misc:3487 imb:21 pmb:1049 smb:7090 d:- ref:0 ;
in:1411 out:1413 type:b dur:2 cpbdur:2 q:35.40 aq:38.27 tex:1637 mv:5014 misc:2109 imb:1 pmb:446 smb:7713 d:- ref:0 ;
in:1413 out:1414 type:b dur:2 cpbdur:2 q:35.40 aq:36.58 tex:1694 mv:4966 misc:2252 imb:4 pmb:511 smb:7645 d:- ref:0 ;
in:1418 out:1415 type:P dur:2 cpbdur:2 q:35.40 aq:26.61 tex:77622 mv:28527 misc:5243 imb:320 pmb:3353 smb:4487 d:- ref:0 ;
in:1416 out:1416 type:B dur:2 cpbdur:2 q:35.40 aq:29.43 tex:4819 mv:11838 misc:3455 imb:34 pmb:1000 smb:7126 d:- ref:0 ;
in:1415 out:1417 type:b dur:2 cpbdur:2 q:35.40 aq:36.98 tex:1485 mv:5656 misc:2275 imb:2 pmb:502 smb:7656 d:- ref:0 ;
in:1417 out:1418 type:b dur:2 cpbdur:2 q:35.40 aq:36.10 tex:1738 mv:5741 misc:2401 imb:5 pmb:584 smb:7571 d:- ref:0 ;
in:1422 out:1419 type:P dur:2 cpbdur:2 q:35.40 aq:26.65 tex:79441 mv:28212 misc:5267 imb:296 pmb:3373 smb:4491 d:- ref:0 ;
in:1420 out:1420 type:B dur:2 cpbdur:2 q:35.40 aq:34.84 tex:5615 mv:11572 misc:3445 imb:29 pmb:1014 smb:7117 d:- ref:0 ;
in:1419 out:1421 type:b dur:2 cpbdur:2 q:35.40 aq:36.15 tex:2112 mv:6487 misc:2441 imb:8 pmb:584 smb:7568 d:- ref:0 ;
in:1421 out:1422 type:b dur:2 cpbdur:2 q:35.40 aq:37.59 tex:1633 mv:5816 misc:2319 imb:3 pmb:556 smb:7601 d:- ref:0 ;
in:1426 out:1423 type:P dur:2 cpbdur:2 q:35.40 aq:28.53 tex:73794 mv:28648 misc:5478 imb:373 pmb:3344 smb:4443 d:- ref:0 ;
in:1424 out:1424 type:B dur:2 cpbdur:2 q:35.40 aq:35.67 tex:4662 mv:11147 misc:3327 imb:30 pmb:959 smb:7171 d:- ref:0 ;
in:1423 out:1425 type:b dur:2 cpbdur:2 q:35.40 aq:37.41 tex:1780 mv:5215 misc:2013 imb:3 pmb:478 smb:7679 d:- ref:0 ;
in:1425 out:1426 type:b dur:2 cpbdur:2 q:35.40 aq:36.03 tex:1612 mv:4802 misc:2058 imb:1 pmb:452 smb:7707 d:- ref:0 ;
in:1430 out:1427 type:P dur:2 cpbdur:2 q:35.40 aq:25.42 tex:72490 mv:27411 misc:5419 imb:322 pmb:3246 smb:4592 d:- ref:0 ;
in:1428 out:1428 type:B dur:2 cpbdur:2 q:35.40 aq:36.32 tex:5436 mv:11680 misc:3484 imb:34 pmb:1044 smb:7082 d:- ref:0 ;
in:1427 out:1429 type:b dur:2 cpbdur:2 q:35.40 aq:36.13 tex:2639 mv:6274 misc:2359 imb:7 pmb:582 smb:7571 d:- ref:0 ;
in:1429 out:1430 type:b dur:2 cpbdur:2 q:35.40 aq:36.10 tex:1608 mv:5421 misc:2355 imb:2 pmb:551 smb:7607 d:- ref:0 ;
in:1434 out:1431 type:P dur:2 cpbdur:2 q:35.40 aq:24.68 tex:71059 mv:27577 misc:5508 imb:301 pmb:3275 smb:4584 d:- ref:0 ;
in:1432 out:1432 type:B dur:2 cpbdur:2 q:35.40 aq:29.84 tex:6812 mv:11960 misc:3556 imb:25 pmb:1094 smb:7041 d:- ref:0 ;
in:1431 out:1433 type:b dur:2 cpbdur:2 q:35.40 aq:36.97 tex:1864 mv:5542 misc:2162 imb:9 pmb:506 smb:7645 d:- ref:0 ;
in:1433 out:1434 type:b dur:2 cpbdur:2 q:35.40 aq:36.12 tex:1763 mv:5768 misc:2325 imb:3 pmb:562 smb:7595 d:- ref:0 ;
in:1438 out:1435 type:P dur:2 cpbdur:2 q:35.40 aq:26.32 tex:78391 mv:27894 misc:5363 imb:300 pmb:3325 smb:4535 d:- ref:0 ;
in:1436 out:1436 type:B dur:2 cpbdur:2 q:35.40 aq:35.07 tex:5839 mv:11891 misc:3502 imb:29 pmb:1049 smb:7082 d:- ref:0 ;
in:1435 out:1437 type:b dur:2 cpbdur:2 q:35.40 aq:35.13 tex:1757 mv:5694 misc:2197 imb:6 pmb:503 smb:7651 d:- ref:0 ;
in:1437 out:1438 type:b dur:2 cpbdur:2 q:35.40 aq:37.47 tex:2456 mv:6277 misc:2435 imb:4 pmb:595 smb:7561 d:- ref:0 ;
in:1442 out:1439 type:P dur:2 cpbdur:2 q:35.40 aq:25.10 tex:86532 mv:28029 misc:5327 imb:332 pmb:3354 smb:4474 d:- ref:0 ;
in:1440 out:1440 type:B dur:2 cpbdur:2 q:35.40 aq:35.58 tex:6035 mv:12062 misc:3367 imb:36 pmb:999 smb:7125 d:- ref:0 ;
in:1439 out:1441 type:b dur:2 cpbdur:2 q:35.40 aq:36.82 tex:2230 mv:6038 misc:2332 imb:3 pmb:542 smb:7615 d:- ref:0 ;
in:1441 out:1442 type:b dur:2 cpbdur:2 q:35.40 aq:35.61 tex:2621 mv:6169 misc:2322 imb:3 pmb:566 smb:7591 d:- ref:0 ;
in:1446 out:1443 type:P dur:2 cpbdur:2 q:35.40 aq:24.81 tex:78050 mv:26868 misc:5330 imb:291 pmb:3254 smb:4615 d:- ref:0 ;
in:1444 out:1444 type:B dur:2 cpbdur:2 q:35.40 aq:29.76 tex:5617 mv:11673 misc:3374 imb:29 pmb:992 smb:7139 d:- ref:0 ;
in:1443 out:1445 type:b dur:2 cpbdur:2 q:35.40 aq:36.59 tex:2096 mv:6011 misc:2365 imb:1 pmb:549 smb:7610 d:- ref:0 ;
in:1445 out:1446 type:b dur:2 cpbdur:2 q:35.40 aq:36.85 tex:1958 mv:5490 misc:2136 imb:5 pmb:511 smb:7644 d:- ref:0 ;
in:1450 out:1447 type:P dur:2 cpbdur:2 q:35.40 aq:27.32 tex:89526 mv:29881 misc:5393 imb:531 pmb:3319 smb:4310 d:- ref:0 ;
in:1448 out:1448 type:B dur:2 cpbdur:2 q:35.40 aq:35.26 tex:5694 mv:12032 misc:3402 imb:30 pmb:966 smb:7164 d:- ref:0 ;
in:1447 out:1449 type:b dur:2 cpbdur:2 q:35.40 aq:37.21 tex:2240 mv:5616 misc:2160 imb:5 pmb:530 smb:7625 d:- ref:0 ;
in:1449 out:1450 type:b dur:2 cpbdur:2 q:35.40 aq:36.20 tex:1359 mv:5094 misc:2075 imb:4 pmb:474 smb:7682 d:- ref:0 ;
in:1454 out:1451 type:P dur:2 cpbdur:2 q:35.40 aq:26.26 tex:74126 mv:26998 misc:5308 imb:277 pmb:3253 smb:4630 d:- ref:0 ;
in:1452 out:1452 type:B dur:2 cpbdur:2 q:35.40 aq:35.92 tex:6375 mv:11947 misc:3486 imb:26 pmb:1034 smb:7100 d:- ref:0 ;
in:1451 out:1453 type:b dur:2 cpbdur:2 q:35.40 aq:31.63 tex:2164 mv:6467 misc:2401 imb:7 pmb:580 smb:7573 d:- ref:0 ;
in:1453 out:1454 type:b dur:2 cpbdur:2 q:35.40 aq:31.57 tex:1640 mv:5251 misc:2029 imb:4 pmb:457 smb:7699 d:- ref:0 ;
in:1458 out:1455 type:P dur:2 cpbdur:2 q:35.40 aq:25.61 tex:75339 mv:26925 misc:5392 imb:282 pmb:3267 smb:4611 d:- ref:0 ;
in:1456 out:1456 type:B dur:2 cpbdur:2 q:35.40 aq:30.78 tex:5547 mv:11962 misc:3603 imb:25 pmb:1060 smb:7075 d:- ref:0 ;
in:1455 out:1457 type:b dur:2 cpbdur:2 q:35.40 aq:37.01 tex:1549 mv:5925 misc:2446 imb:4 pmb:537 smb:7619 d:- ref:0 ;
in:1457 out:1458 type:b dur:2 cpbdur:2 q:35.40 aq:34.71 tex:1896 mv:5485 misc:2235 imb:10 pmb:517 smb:7633 d:- ref:0 ;
in:1462 out:1459 type:P dur:2 cpbdur:2 q:35.40 aq:26.32 tex:75426 mv:27329 misc:5293 imb:291 pmb:3263 smb:4606 d:- ref:0 ;
in:1460 out:1460 type:B dur:2 cpbdur:2 q:35.40 aq:35.18 tex:5578 mv:11373 misc:3297 imb:38 pmb:939 smb:7183 d:- ref:0 ;
in:1459 out:1461 type:b dur:2 cpbdur:2 q:35.40 aq:37.61 tex:1230 mv:5523 misc:2167 imb:3 pmb:471 smb:7686 d:- ref:0 ;
in:1461 out:1462 type:b dur:2 cpbdur:2 q:35.40 aq:37.07 tex:2033 mv:6019 misc:2460 imb:5 pmb:599 smb:7556 d:- ref:0 ;
in:1466 out:1463 type:P dur:2 cpbdur:2 q:35.40 aq:25.93 tex:81003 mv:26713 misc:5396 imb:299 pmb:3236 smb:4625 d:- ref:0 ;
in:1464 out:1464 type:B dur:2 cpbdur:2 q:35.40 aq:30.45 tex:5004 mv:11019 misc:3281 imb:25 pmb:942 smb:7193 d:- ref:0 ;
in:1463 out:1465 type:b dur:2 cpbdur:2 q:35.40 aq:36.00 tex:1452 mv:4818 misc:1970 imb:6 pmb:415 smb:7739 d:- ref:0 ;
in:1465 out:1466 type:b dur:2 cpbdur:2 q:35.40 aq:37.75 tex:1413 mv:4997 misc:2014 imb:5 pmb:439 smb:7716 d:- ref:0 ;
in:1470 out:1467 type:P dur:2 cpbdur:2 q:35.40 aq:25.95 tex:60958 mv:25901 misc:5421 imb:288 pmb:2970 smb:4902 d:- ref:0 ;
in:1468 out:1468 type:B dur:2 cpbdur:2 q:35.40 aq:34.81 tex:4869 mv:11179 misc:3304 imb:33 pmb:973 smb:7154 d:- ref:0 ;
in:1467 out:1469 type:b dur:2 cpbdur:2 q:35.40 aq:36.78 tex:1582 mv:5805 misc:2357 imb:9 pmb:520 smb:7631 d:- ref:0 ;
in:1469 out:1470 type:b dur:2 cpbdur:2 q:35.40 aq:36.74 tex:1221 mv:4960 misc:1963 imb:6 pmb:444 smb:7710 d:- ref:0 ;
in:1474 out:1471 type:P dur:2 cpbdur:2 q:35.40 aq:28.21 tex:57893 mv:25299 misc:5368 imb:271 pmb:2923 smb:4966 d:- ref:0 ;
in:1472 out:1472 type:B dur:2 cpbdur:2 q:35.40 aq:34.87 tex:5718 mv:11861 misc:3685 imb:25 pmb:1069 smb:7066 d:- ref:0 ;
in:1471 out:1473 type:b dur:2 cpbdur:2 q:35.40 aq:36.95 tex:2392 mv:5573 misc:2315 imb:6 pmb:538 smb:7616 d:- ref:0 ;
in:1473 out:1474 type:b dur:2 cpbdur:2 q:35.40 aq:37.31 tex:1429 mv:6292 misc:2391 imb:4 pmb:606 smb:7550 d:- ref:0 ;
in:1478 out:1475 type:P dur:2 cpbdur:2 q:35.40 aq:26.38 tex:55358 mv:25796 misc:5646 imb:342 pmb:2829 smb:4989 d:- ref:0 ;
in:1476 out:1476 type:B dur:2 cpbdur:2 q:35.40 aq:29.55 tex:6290 mv:12592 misc:3942 imb:24 pmb:1165 smb:6971 d:- ref:0 ;
in:1475 out:1477 type:b dur:2 cpbdur:2 q:35.40 aq:35.82 tex:2012 mv:6617 misc:2627 imb:14 pmb:646 smb:7500 d:- ref:0 ;
in:1477 out:1478 type:b dur:2 cpbdur:2 q:35.40 aq:37.20 tex:1459 mv:6364 misc:2569 imb:3 pmb:632 smb:7525 d:- ref:0 ;
in:1482 out:1479 type:P dur:2 cpbdur:2 q:35.40 aq:27.43 tex:42786 mv:22434 misc:5468 imb:257 pmb:2446 smb:5457 d:- ref:0 ;
in:1480 out:1480 type:B dur:2 cpbdur:2 q:35.40 aq:35.18 tex:5648 mv:12190 misc:3706 imb:24 pmb:1103 smb:7033 d:- ref:0 ;
in:1479 out:1481 type:b dur:2 cpbdur:2 q:35.40 aq:36.12 tex:1638 mv:5608 misc:2394 imb:3 pmb:568 smb:7589 d:- ref:0 ;
in:1481 out:1482 type:b dur:2 cpbdur:2 q:35.40 aq:37.95 tex:1791 mv:5880 misc:2497 imb:3 pmb:585 smb:7572 d:- ref:0 ;
in:1486 out:1483 type:P dur:2 cpbdur:2 q:35.40 aq:29.36 tex:28145 mv:17978 misc:4981 imb:191 pmb:1914 smb:6055 d:- ref:0 ;
in:1484 out:1484 type:B dur:2 cpbdur:2 q:35.40 aq:30.27 tex:5922 mv:12445 misc:3961 imb:23 pmb:1140 smb:6997 d:- ref:0 ;
in:1483 out:1485 type:b dur:2 cpbdur:2 q:35.40 aq:37.49 tex:1581 mv:5488 misc:2267 imb:2 pmb:508 smb:7650 d:- ref:0 ;
in:1485 out:1486 type:b dur:2 cpbdur:2 q:35.40 aq:30.54 tex:2672 mv:6361 misc:2679 imb:6 pmb:636 smb:7518 d:- ref:0 ;
in:1488 out:1487 type:P dur:2 cpbdur:2 q:35.40 aq:32.04 tex:8095 mv:9206 misc:3779 imb:75 pmb:1022 smb:7063 d:- ref:0 ;
in:1487 out:1488 type:b dur:2 cpbdur:2 q:35.40 aq:37.23 tex:2238 mv:6094 misc:2572 imb:4 pmb:589 smb:7567 d:- ref:0 ;
